Country;Population;Year
China;1439323776;2020
China;1433783686;2019
China;1427647786;2018
China;1421021791;2017
China;1414049351;2016
China;1406847870;2015
China;1368810615;2010
China;1330776380;2005
China;1290550765;2000
China;1240920535;1995
China;1176883674;1990
China;1075589361;1985
China;1000089235;1980
China;926240885;1975
China;827601394;1970
China;724218968;1965
China;660408056;1960
China;612241554;1955
Iran;83992949;2020
Iran;82913906;2019
Iran;81800188;2018
Iran;80673883;2017
Iran;79563989;2016
Iran;78492215;2015
Iran;73762519;2010
Iran;69762347;2005
Iran;65623405;2000
Iran;61442664;1995
Iran;56366217;1990
Iran;47347186;1985
Iran;38650246;1980
Iran;32729772;1975
Iran;28513866;1970
Iran;24954873;1965
Iran;21906914;1960
Iran;19294127;1955
Turkey;84339067;2020
Turkey;83429615;2019
Turkey;82340088;2018
Turkey;81116450;2017
Turkey;79827871;2016
Turkey;78529409;2015
Turkey;72326988;2010
Turkey;67903469;2005
Turkey;63240194;2000
Turkey;58486456;1995
Turkey;53921760;1990
Turkey;49133937;1985
Turkey;43975971;1980
Turkey;39277258;1975
Turkey;34876303;1970
Turkey;30972994;1965
Turkey;27472345;1960
Turkey;24270600;1955
DR Congo;89561403;2020
DR Congo;86790567;2019
DR Congo;84068091;2018
DR Congo;81398764;2017
DR Congo;78789127;2016
DR Congo;76244544;2015
DR Congo;64563854;2010
DR Congo;54785903;2005
DR Congo;47105826;2000
DR Congo;41576234;1995
DR Congo;34612023;1990
DR Congo;29881229;1985
DR Congo;26358908;1980
DR Congo;22903581;1975
DR Congo;20011036;1970
DR Congo;17369883;1965
DR Congo;15248251;1960
DR Congo;13517513;1955
Vietnam;97338579;2020
Vietnam;96462106;2019
Vietnam;95545962;2018
Vietnam;94600648;2017
Vietnam;93640422;2016
Vietnam;92677076;2015
Vietnam;87967651;2010
Vietnam;83832661;2005
Vietnam;79910412;2000
Vietnam;74910461;1995
Vietnam;67988862;1990
Vietnam;60896721;1985
Vietnam;54281846;1980
Vietnam;48718189;1975
Vietnam;43404793;1970
Vietnam;37858951;1965
Vietnam;32670039;1960
Vietnam;28147443;1955
Egypt;102334404;2020
Egypt;100388073;2019
Egypt;98423598;2018
Egypt;96442591;2017
Egypt;94447073;2016
Egypt;92442547;2015
Egypt;82761235;2010
Egypt;75523569;2005
Egypt;68831561;2000
Egypt;62334034;1995
Egypt;56134475;1990
Egypt;49258732;1985
Egypt;43309063;1980
Egypt;38549142;1975
Egypt;34513850;1970
Egypt;30433022;1965
Egypt;26632894;1960
Egypt;23223124;1955
Philippines;109581078;2020
Philippines;108116615;2019
Philippines;106651394;2018
Philippines;105172925;2017
Philippines;103663816;2016
Philippines;102113212;2015
Philippines;93966780;2010
Philippines;86326250;2005
Philippines;77991755;2000
Philippines;69784088;1995
Philippines;61895160;1990
Philippines;54275822;1985
Philippines;47357743;1980
Philippines;41285742;1975
Philippines;35803594;1970
Philippines;30909988;1965
Philippines;26269734;1960
Philippines;22177058;1955
Ethiopia;114963588;2020
Ethiopia;112078730;2019
Ethiopia;109224414;2018
Ethiopia;106399924;2017
Ethiopia;103603462;2016
Ethiopia;100835458;2015
Ethiopia;87639964;2010
Ethiopia;76346311;2005
Ethiopia;66224804;2000
Ethiopia;57047908;1995
Ethiopia;47887865;1990
Ethiopia;40652141;1985
Ethiopia;35141712;1980
Ethiopia;32566854;1975
Ethiopia;28415077;1970
Ethiopia;25013626;1965
Ethiopia;22151278;1960
Ethiopia;19947292;1955
Japan;126476461;2020
Japan;126860301;2019
Japan;127202192;2018
Japan;127502725;2017
Japan;127763265;2016
Japan;127985133;2015
Japan;128542353;2010
Japan;128326116;2005
Japan;127524174;2000
Japan;126365484;1995
Japan;124505240;1990
Japan;121883482;1985
Japan;117816940;1980
Japan;112413359;1975
Japan;104929251;1970
Japan;98447002;1965
Japan;93673615;1960
Japan;89018257;1955
Mexico;128932753;2020
Mexico;127575529;2019
Mexico;126190788;2018
Mexico;124777324;2017
Mexico;123333376;2016
Mexico;121858258;2015
Mexico;114092963;2010
Mexico;106005203;2005
Mexico;98899845;2000
Mexico;91663285;1995
Mexico;83943132;1990
Mexico;75983485;1985
Mexico;67761372;1980
Mexico;59607953;1975
Mexico;51493565;1970
Mexico;44123853;1965
Mexico;37771859;1960
Mexico;32350596;1955
Russia;145934462;2020
Russia;145872256;2019
Russia;145734038;2018
Russia;145530082;2017
Russia;145275383;2016
Russia;144985057;2015
Russia;143479274;2010
Russia;143672116;2005
Russia;146404903;2000
Russia;148227466;1995
Russia;147531561;1990
Russia;142957284;1985
Russia;138053150;1980
Russia;133804858;1975
Russia;130148653;1970
Russia;126503736;1965
Russia;119871700;1960
Russia;111355300;1955
Bangladesh;164689383;2020
Bangladesh;163046161;2019
Bangladesh;161376708;2018
Bangladesh;159685424;2017
Bangladesh;157977153;2016
Bangladesh;156256276;2015
Bangladesh;147575430;2010
Bangladesh;139035505;2005
Bangladesh;127657854;2000
Bangladesh;115169930;1995
Bangladesh;103171956;1990
Bangladesh;90764183;1985
Bangladesh;79639491;1980
Bangladesh;70066301;1975
Bangladesh;64232482;1970
Bangladesh;55385112;1965
Bangladesh;48013504;1960
Bangladesh;42086301;1955
Nigeria;206139589;2020
Nigeria;200963599;2019
Nigeria;195874683;2018
Nigeria;190873244;2017
Nigeria;185960241;2016
Nigeria;181137448;2015
Nigeria;158503197;2010
Nigeria;138865016;2005
Nigeria;122283850;2000
Nigeria;107948335;1995
Nigeria;95212450;1990
Nigeria;83562785;1985
Nigeria;73423633;1980
Nigeria;63374298;1975
Nigeria;55982144;1970
Nigeria;50127921;1965
Nigeria;45138458;1960
Nigeria;41086100;1955
Brazil;212559417;2020
Brazil;211049527;2019
Brazil;209469323;2018
Brazil;207833823;2017
Brazil;206163053;2016
Brazil;204471769;2015
Brazil;195713635;2010
Brazil;186127103;2005
Brazil;174790340;2000
Brazil;162019896;1995
Brazil;149003223;1990
Brazil;135274080;1985
Brazil;120694009;1980
Brazil;107216205;1975
Brazil;95113265;1970
Brazil;83373530;1965
Brazil;72179226;1960
Brazil;62533919;1955
Pakistan;220892340;2020
Pakistan;216565318;2019
Pakistan;212228286;2018
Pakistan;207906209;2017
Pakistan;203631353;2016
Pakistan;199426964;2015
Pakistan;179424641;2010
Pakistan;160304008;2005
Pakistan;142343578;2000
Pakistan;123776839;1995
Pakistan;107647921;1990
Pakistan;92191510;1985
Pakistan;78054343;1980
Pakistan;66816877;1975
Pakistan;58142060;1970
Pakistan;50917975;1965
Pakistan;44988690;1960
Pakistan;40488030;1955
Indonesia;273523615;2020
Indonesia;270625568;2019
Indonesia;267670543;2018
Indonesia;264650963;2017
Indonesia;261556381;2016
Indonesia;258383256;2015
Indonesia;241834215;2010
Indonesia;226289470;2005
Indonesia;211513823;2000
Indonesia;196934260;1995
Indonesia;181413402;1990
Indonesia;164982451;1985
Indonesia;147447836;1980
Indonesia;130680727;1975
Indonesia;114793178;1970
Indonesia;100267062;1965
Indonesia;87751068;1960
Indonesia;77273425;1955
United States;331002651;2020
United States;329064917;2019
United States;327096265;2018
United States;325084756;2017
United States;323015995;2016
United States;320878310;2015
United States;309011475;2010
United States;294993511;2005
United States;281710909;2000
United States;265163745;1995
United States;252120309;1990
United States;240499825;1985
United States;229476354;1980
United States;219081251;1975
United States;209513341;1970
United States;199733676;1965
United States;186720571;1960
United States;171685336;1955
India;1380004385;2020
India;1366417754;2019
India;1352642280;2018
India;1338676785;2017
India;1324517249;2016
India;1310152403;2015
India;1234281170;2010
India;1147609927;2005
India;1056575549;2000
India;963922588;1995
India;873277798;1990
India;784360008;1985
India;698952844;1980
India;623102897;1975
India;555189792;1970
India;499123324;1965
India;450547679;1960
India;409880595;1955
Ukraine;43733762;2020
Ukraine;43993638;2019
Ukraine;44246156;2018
Ukraine;44487709;2017
Ukraine;44713702;2016
Ukraine;44921639;2015
Ukraine;45792090;2010
Ukraine;46890772;2005
Ukraine;48838065;2000
Ukraine;50903785;1995
Ukraine;51463105;1990
Ukraine;50919275;1985
Ukraine;49965874;1980
Ukraine;48755665;1975
Ukraine;47088857;1970
Ukraine;45264548;1965
Ukraine;42664652;1960
Ukraine;40019491;1955
Sudan;43849260;2020
Sudan;42813238;2019
Sudan;41801533;2018
Sudan;40813397;2017
Sudan;39847439;2016
Sudan;38902950;2015
Sudan;34545013;2010
Sudan;30949516;2005
Sudan;27275015;2000
Sudan;24094747;1995
Sudan;20147590;1990
Sudan;17210187;1985
Sudan;14507468;1980
Sudan;12144135;1975
Sudan;10281700;1970
Sudan;8770097;1965
Sudan;7544491;1960
Sudan;6549298;1955
Algeria;43851044;2020
Algeria;43053054;2019
Algeria;42228408;2018
Algeria;41389189;2017
Algeria;40551392;2016
Algeria;39728025;2015
Algeria;35977455;2010
Algeria;33149724;2005
Algeria;31042235;2000
Algeria;28757785;1995
Algeria;25758869;1990
Algeria;22431502;1985
Algeria;19221665;1980
Algeria;16607707;1975
Algeria;14464985;1970
Algeria;12550885;1965
Algeria;11057863;1960
Algeria;9774283;1955
Argentina;45195774;2020
Argentina;44780677;2019
Argentina;44361150;2018
Argentina;43937140;2017
Argentina;43508460;2016
Argentina;43075416;2015
Argentina;40895752;2010
Argentina;38892931;2005
Argentina;36870787;2000
Argentina;34828170;1995
Argentina;32618651;1990
Argentina;30216279;1985
Argentina;27896528;1980
Argentina;25865776;1975
Argentina;23880561;1970
Argentina;22159650;1965
Argentina;20481779;1960
Argentina;18789418;1955
Uganda;45741007;2020
Uganda;44269594;2019
Uganda;42729036;2018
Uganda;41166588;2017
Uganda;39649166;2016
Uganda;38225453;2015
Uganda;32428167;2010
Uganda;27684585;2005
Uganda;23650172;2000
Uganda;20413152;1995
Uganda;17354392;1990
Uganda;14559355;1985
Uganda;12442334;1980
Uganda;10737403;1975
Uganda;9405600;1970
Uganda;7986066;1965
Uganda;6767095;1960
Uganda;5888793;1955
Spain;46754778;2020
Spain;46736776;2019
Spain;46692858;2018
Spain;46647428;2017
Spain;46634140;2016
Spain;46671926;2015
Spain;46931015;2010
Spain;44019123;2005
Spain;40824754;2000
Spain;39787419;1995
Spain;39202525;1990
Spain;38733876;1985
Spain;37698196;1980
Spain;35879209;1975
Spain;33883749;1970
Spain;32146263;1965
Spain;30402411;1960
Spain;29048395;1955
Colombia;50882891;2020
Colombia;50339443;2019
Colombia;49661048;2018
Colombia;48909839;2017
Colombia;48175052;2016
Colombia;47520667;2015
Colombia;45222700;2010
Colombia;42647723;2005
Colombia;39629968;2000
Colombia;36421438;1995
Colombia;33102575;1990
Colombia;29951201;1985
Colombia;26900506;1980
Colombia;24065507;1975
Colombia;21480065;1970
Colombia;18725245;1965
Colombia;16057724;1960
Colombia;13775000;1955
South Korea;51269185;2020
South Korea;51225308;2019
South Korea;51171706;2018
South Korea;51096415;2017
South Korea;50983457;2016
South Korea;50823093;2015
South Korea;49545636;2010
South Korea;48701073;2005
South Korea;47379241;2000
South Korea;45292522;1995
South Korea;42918419;1990
South Korea;40804402;1985
South Korea;38045607;1980
South Korea;35378661;1975
South Korea;32195681;1970
South Korea;28895558;1965
South Korea;25329515;1960
South Korea;21514570;1955
Kenya;53771296;2020
Kenya;52573973;2019
Kenya;51392565;2018
Kenya;50221142;2017
Kenya;49051534;2016
Kenya;47878336;2015
Kenya;42030676;2010
Kenya;36624895;2005
Kenya;31964557;2000
Kenya;27768296;1995
Kenya;23724579;1990
Kenya;19877083;1985
Kenya;16417197;1980
Kenya;13575907;1975
Kenya;11301394;1970
Kenya;9530173;1965
Kenya;8120080;1960
Kenya;6987658;1955
Myanmar;54409800;2020
Myanmar;54045420;2019
Myanmar;53708320;2018
Myanmar;53382523;2017
Myanmar;53045201;2016
Myanmar;52680726;2015
Myanmar;50600818;2010
Myanmar;48949924;2005
Myanmar;46719701;2000
Myanmar;43901598;1995
Myanmar;41335199;1990
Myanmar;37977086;1985
Myanmar;34224313;1980
Myanmar;30611095;1975
Myanmar;27269069;1970
Myanmar;24259359;1965
Myanmar;21736942;1960
Myanmar;19550071;1955
South Africa;59308690;2020
South Africa;58558270;2019
South Africa;57792518;2018
South Africa;57009756;2017
South Africa;56207646;2016
South Africa;55386367;2015
South Africa;51216964;2010
South Africa;47880601;2005
South Africa;44967708;2000
South Africa;41435758;1995
South Africa;36800509;1990
South Africa;32678874;1985
South Africa;28556769;1980
South Africa;25195187;1975
South Africa;22069776;1970
South Africa;19384841;1965
South Africa;17099840;1960
South Africa;15206502;1955
Tanzania;59734218;2020
Tanzania;58005463;2019
Tanzania;56313438;2018
Tanzania;54660339;2017
Tanzania;53049230;2016
Tanzania;51482633;2015
Tanzania;44346525;2010
Tanzania;38450320;2005
Tanzania;33499180;2000
Tanzania;29649135;1995
Tanzania;25203845;1990
Tanzania;21633796;1985
Tanzania;18538259;1980
Tanzania;15885229;1975
Tanzania;13535481;1970
Tanzania;11634832;1965
Tanzania;10052152;1960
Tanzania;8729662;1955
Italy;60461826;2020
Italy;60550075;2019
Italy;60627291;2018
Italy;60673701;2017
Italy;60663060;2016
Italy;60578494;2015
Italy;59325229;2010
Italy;58281212;2005
Italy;56692178;2000
Italy;57174408;1995
Italy;57048236;1990
Italy;56936774;1985
Italy;56349349;1980
Italy;55265284;1975
Italy;53518969;1970
Italy;51677257;1965
Italy;49699951;1960
Italy;48335578;1955
France;65273511;2020
France;65129728;2019
France;64990511;2018
France;64842509;2017
France;64667596;2016
France;64453200;2015
France;62879530;2010
France;61120127;2005
France;59015096;2000
France;57801892;1995
France;56666849;1990
France;55254848;1985
France;53868009;1980
France;52688576;1975
France;50763920;1970
France;48746652;1965
France;45673146;1960
France;43411367;1955
United Kingdom;67886011;2020
United Kingdom;67530172;2019
United Kingdom;67141684;2018
United Kingdom;66727461;2017
United Kingdom;66297944;2016
United Kingdom;65860146;2015
United Kingdom;63459808;2010
United Kingdom;60287954;2005
United Kingdom;58923309;2000
United Kingdom;57932453;1995
United Kingdom;57134391;1990
United Kingdom;56413553;1985
United Kingdom;56209171;1980
United Kingdom;56152333;1975
United Kingdom;55573453;1970
United Kingdom;54240850;1965
United Kingdom;52370602;1960
United Kingdom;51063902;1955
Thailand;69799978;2020
Thailand;69625582;2019
Thailand;69428453;2018
Thailand;69209810;2017
Thailand;68971308;2016
Thailand;68714511;2015
Thailand;67195028;2010
Thailand;65416189;2005
Thailand;62952642;2000
Thailand;59467274;1995
Thailand;56558186;1990
Thailand;52026901;1985
Thailand;47374472;1980
Thailand;42326312;1975
Thailand;36884536;1970
Thailand;31822660;1965
Thailand;27397207;1960
Thailand;23711132;1955
Germany;83783942;2020
Germany;83517045;2019
Germany;83124418;2018
Germany;82658409;2017
Germany;82193768;2016
Germany;81787411;2015
Germany;80827002;2010
Germany;81602741;2005
Germany;81400882;2000
Germany;81138659;1995
Germany;79053984;1990
Germany;77691595;1985
Germany;78283100;1980
Germany;78856039;1975
Germany;78578385;1970
Germany;76258032;1965
Germany;73414239;1960
Germany;71537459;1955
Malaysia;32365999;2020
Malaysia;31949777;2019
Malaysia;31528033;2018
Malaysia;31104646;2017
Malaysia;30684654;2016
Malaysia;30270962;2015
Malaysia;28208035;2010
Malaysia;25690611;2005
Malaysia;23194257;2000
Malaysia;20487607;1995
Malaysia;18029824;1990
Malaysia;15598927;1985
Malaysia;13798085;1980
Malaysia;12162187;1975
Malaysia;10804131;1970
Malaysia;9526558;1965
Malaysia;8156347;1960
Malaysia;7038913;1955
Angola;32866272;2020
Angola;31825295;2019
Angola;30809787;2018
Angola;29816766;2017
Angola;28842489;2016
Angola;27884381;2015
Angola;23356246;2010
Angola;19433602;2005
Angola;16395473;2000
Angola;13945206;1995
Angola;11848386;1990
Angola;9961997;1985
Angola;8341289;1980
Angola;7024000;1975
Angola;5890365;1970
Angola;5770570;1965
Angola;5454933;1960
Angola;5043247;1955
Peru;32971854;2020
Peru;32510453;2019
Peru;31989260;2018
Peru;31444298;2017
Peru;30926032;2016
Peru;30470734;2015
Peru;29027674;2010
Peru;27866145;2005
Peru;26459944;2000
Peru;24299160;1995
Peru;22071433;1990
Peru;19772872;1985
Peru;17547610;1980
Peru;15424744;1975
Peru;13459794;1970
Peru;11711392;1965
Peru;10155015;1960
Peru;8858389;1955
Uzbekistan;33469203;2020
Uzbekistan;32981716;2019
Uzbekistan;32476244;2018
Uzbekistan;31959785;2017
Uzbekistan;31441751;2016
Uzbekistan;30929557;2015
Uzbekistan;28515909;2010
Uzbekistan;26427789;2005
Uzbekistan;24769955;2000
Uzbekistan;22791026;1995
Uzbekistan;20398348;1990
Uzbekistan;18061284;1985
Uzbekistan;15898757;1980
Uzbekistan;13857478;1975
Uzbekistan;12080317;1970
Uzbekistan;10116870;1965
Uzbekistan;8526300;1960
Uzbekistan;7277333;1955
Saudi Arabia;34813871;2020
Saudi Arabia;34268528;2019
Saudi Arabia;33702756;2018
Saudi Arabia;33101179;2017
Saudi Arabia;32443447;2016
Saudi Arabia;31717667;2015
Saudi Arabia;27421461;2010
Saudi Arabia;23816183;2005
Saudi Arabia;20663843;2000
Saudi Arabia;18638787;1995
Saudi Arabia;16233785;1990
Saudi Arabia;13118993;1985
Saudi Arabia;9691476;1980
Saudi Arabia;7419493;1975
Saudi Arabia;5836389;1970
Saudi Arabia;4843635;1965
Saudi Arabia;4086539;1960
Saudi Arabia;3558155;1955
Morocco;36910560;2020
Morocco;36471769;2019
Morocco;36029093;2018
Morocco;35581255;2017
Morocco;35126283;2016
Morocco;34663603;2015
Morocco;32343389;2010
Morocco;30455561;2005
Morocco;28793679;2000
Morocco;26994250;1995
Morocco;24807462;1990
Morocco;22499110;1985
Morocco;19990012;1980
Morocco;17796164;1975
Morocco;16004731;1970
Morocco;14230163;1965
Morocco;12328532;1960
Morocco;10502666;1955
Canada;37742154;2020
Canada;37411047;2019
Canada;37074562;2018
Canada;36732095;2017
Canada;36382944;2016
Canada;36026676;2015
Canada;34147564;2010
Canada;32164309;2005
Canada;30588383;2000
Canada;29164152;1995
Canada;27541319;1990
Canada;25744810;1985
Canada;24416886;1980
Canada;23059265;1975
Canada;21374326;1970
Canada;19627980;1965
Canada;17847405;1960
Canada;15673763;1955
Poland;37846611;2020
Poland;37887768;2019
Poland;37921592;2018
Poland;37953180;2017
Poland;37989220;2016
Poland;38034079;2015
Poland;38329781;2010
Poland;38368949;2005
Poland;38556693;2000
Poland;38458638;1995
Poland;37960193;1990
Poland;37133870;1985
Poland;35539720;1980
Poland;33970724;1975
Poland;32639258;1970
Poland;31360907;1965
Poland;29614201;1960
Poland;27269749;1955
Afghanistan;38928346;2020
Afghanistan;38041754;2019
Afghanistan;37171921;2018
Afghanistan;36296113;2017
Afghanistan;35383032;2016
Afghanistan;34413603;2015
Afghanistan;29185507;2010
Afghanistan;25654277;2005
Afghanistan;20779953;2000
Afghanistan;18110657;1995
Afghanistan;12412308;1990
Afghanistan;11938208;1985
Afghanistan;13356511;1980
Afghanistan;12689160;1975
Afghanistan;11173642;1970
Afghanistan;9956320;1965
Afghanistan;8996973;1960
Afghanistan;8270991;1955
Iraq;40222493;2020
Iraq;39309783;2019
Iraq;38433600;2018
Iraq;37552781;2017
Iraq;36610632;2016
Iraq;35572261;2015
Iraq;29741976;2010
Iraq;26922284;2005
Iraq;23497585;2000
Iraq;20149338;1995
Iraq;17419113;1990
Iraq;15555800;1985
Iraq;13653354;1980
Iraq;11684590;1975
Iraq;9917983;1970
Iraq;8375790;1965
Iraq;7289760;1960
Iraq;6502657;1955
Romania;19237691;2020
Romania;19364557;2019
Romania;19506114;2018
Romania;19653969;2017
Romania;19796285;2016
Romania;19925175;2015
Romania;20471864;2010
Romania;21417291;2005
Romania;22137419;2000
Romania;22964754;1995
Romania;23489160;1990
Romania;23071274;1985
Romania;22615639;1980
Romania;21665643;1975
Romania;20548911;1970
Romania;19379568;1965
Romania;18613939;1960
Romania;17483935;1955
Mali;20250833;2020
Mali;19658031;2019
Mali;19077749;2018
Mali;18512430;2017
Mali;17965443;2016
Mali;17438778;2015
Mali;15049353;2010
Mali;12775516;2005
Mali;10946445;2000
Mali;9585653;1995
Mali;8449913;1990
Mali;7831889;1985
Mali;7090126;1980
Mali;6482278;1975
Mali;5949045;1970
Mali;5568484;1965
Mali;5263733;1960
Mali;4975398;1955
Burkina Faso;20903273;2020
Burkina Faso;20321378;2019
Burkina Faso;19751466;2018
Burkina Faso;19193234;2017
Burkina Faso;18646357;2016
Burkina Faso;18110624;2015
Burkina Faso;15605217;2010
Burkina Faso;13421930;2005
Burkina Faso;11607942;2000
Burkina Faso;10089878;1995
Burkina Faso;8811034;1990
Burkina Faso;7727907;1985
Burkina Faso;6822843;1980
Burkina Faso;6154545;1975
Burkina Faso;5624600;1970
Burkina Faso;5174870;1965
Burkina Faso;4829288;1960
Burkina Faso;4517155;1955
Sri Lanka;21413249;2020
Sri Lanka;21323733;2019
Sri Lanka;21228763;2018
Sri Lanka;21128032;2017
Sri Lanka;21021171;2016
Sri Lanka;20908027;2015
Sri Lanka;20261737;2010
Sri Lanka;19544988;2005
Sri Lanka;18777601;2000
Sri Lanka;18242912;1995
Sri Lanka;17325773;1990
Sri Lanka;16176280;1985
Sri Lanka;15035834;1980
Sri Lanka;13755146;1975
Sri Lanka;12485740;1970
Sri Lanka;11110820;1965
Sri Lanka;9874476;1960
Sri Lanka;8778438;1955
Taiwan;23816775;2020
Taiwan;23773876;2019
Taiwan;23726460;2018
Taiwan;23674546;2017
Taiwan;23618200;2016
Taiwan;23557477;2015
Taiwan;23187551;2010
Taiwan;22705713;2005
Taiwan;21966527;2000
Taiwan;21356033;1995
Taiwan;20478520;1990
Taiwan;19303404;1985
Taiwan;17905458;1980
Taiwan;16464927;1975
Taiwan;14924455;1970
Taiwan;12901155;1965
Taiwan;10876150;1960
Taiwan;9189972;1955
Niger;24206644;2020
Niger;23310715;2019
Niger;22442822;2018
Niger;21602382;2017
Niger;20788798;2016
Niger;20001663;2015
Niger;16464025;2010
Niger;13624467;2005
Niger;11331557;2000
Niger;9490288;1995
Niger;8026591;1990
Niger;6915997;1985
Niger;5989004;1980
Niger;5184941;1975
Niger;4510644;1970
Niger;3914117;1965
Niger;3388764;1960
Niger;2955541;1955
Australia;25499884;2020
Australia;25203198;2019
Australia;24898152;2018
Australia;24584620;2017
Australia;24262712;2016
Australia;23932502;2015
Australia;22154679;2010
Australia;20178540;2005
Australia;18991431;2000
Australia;17993074;1995
Australia;16960597;1990
Australia;15663663;1985
Australia;14588405;1980
Australia;13773288;1975
Australia;12793034;1970
Australia;11313195;1965
Australia;10242076;1960
Australia;9165707;1955
North Korea;25778816;2020
North Korea;25666161;2019
North Korea;25549604;2018
North Korea;25429825;2017
North Korea;25307665;2016
North Korea;25183833;2015
North Korea;24548836;2010
North Korea;23904167;2005
North Korea;22929075;2000
North Korea;21862299;1995
North Korea;20293054;1990
North Korea;18877238;1985
North Korea;17472140;1980
North Korea;16274740;1975
North Korea;14410400;1970
North Korea;12547525;1965
North Korea;11424176;1960
North Korea;10086991;1955
Côte d'Ivoire;26378274;2020
Côte d'Ivoire;25716544;2019
Côte d'Ivoire;25069230;2018
Côte d'Ivoire;24437470;2017
Côte d'Ivoire;23822714;2016
Côte d'Ivoire;23226143;2015
Côte d'Ivoire;20532950;2010
Côte d'Ivoire;18354514;2005
Côte d'Ivoire;16454668;2000
Côte d'Ivoire;14199762;1995
Côte d'Ivoire;11924877;1990
Côte d'Ivoire;9918196;1985
Côte d'Ivoire;8033650;1980
Côte d'Ivoire;6412403;1975
Côte d'Ivoire;5102064;1970
Côte d'Ivoire;4226844;1965
Côte d'Ivoire;3503553;1960
Côte d'Ivoire;3004421;1955
Cameroon;26545863;2020
Cameroon;25876380;2019
Cameroon;25216267;2018
Cameroon;24566073;2017
Cameroon;23926551;2016
Cameroon;23298368;2015
Cameroon;20341241;2010
Cameroon;17733410;2005
Cameroon;15513945;2000
Cameroon;13599988;1995
Cameroon;11780088;1990
Cameroon;10070806;1985
Cameroon;8621406;1980
Cameroon;7451054;1975
Cameroon;6519762;1970
Cameroon;5773543;1965
Cameroon;5176918;1960
Cameroon;4706995;1955
Madagascar;27691018;2020
Madagascar;26969307;2019
Madagascar;26262313;2018
Madagascar;25570512;2017
Madagascar;24894370;2016
Madagascar;24234088;2015
Madagascar;21151640;2010
Madagascar;18336724;2005
Madagascar;15766806;2000
Madagascar;13475400;1995
Madagascar;11598633;1990
Madagascar;10063495;1985
Madagascar;8716553;1980
Madagascar;7556026;1975
Madagascar;6576305;1970
Madagascar;5769218;1965
Madagascar;5099373;1960
Madagascar;4543542;1955
Venezuela;28435940;2020
Venezuela;28515829;2019
Venezuela;28887118;2018
Venezuela;29402484;2017
Venezuela;29851255;2016
Venezuela;30081829;2015
Venezuela;28439940;2010
Venezuela;26432447;2005
Venezuela;24192446;2000
Venezuela;21931084;1995
Venezuela;19632665;1990
Venezuela;17319520;1985
Venezuela;15182611;1980
Venezuela;13189509;1975
Venezuela;11396393;1970
Venezuela;9692278;1965
Venezuela;8141841;1960
Venezuela;6744695;1955
Nepal;29136808;2020
Nepal;28608710;2019
Nepal;28095714;2018
Nepal;27632681;2017
Nepal;27263433;2016
Nepal;27015031;2015
Nepal;27013212;2010
Nepal;25744500;2005
Nepal;23941110;2000
Nepal;21576071;1995
Nepal;18905478;1990
Nepal;16858310;1985
Nepal;15016402;1980
Nepal;13420369;1975
Nepal;12074626;1970
Nepal;10972912;1965
Nepal;10105050;1960
Nepal;9316916;1955
Yemen;29825964;2020
Yemen;29161922;2019
Yemen;28498683;2018
Yemen;27834819;2017
Yemen;27168208;2016
Yemen;26497889;2015
Yemen;23154855;2010
Yemen;20107409;2005
Yemen;17409072;2000
Yemen;14913315;1995
Yemen;11709993;1990
Yemen;9572175;1985
Yemen;7941898;1980
Yemen;6784695;1975
Yemen;6193384;1970
Yemen;5727751;1965
Yemen;5315355;1960
Yemen;4965574;1955
Ghana;31072940;2020
Ghana;30417856;2019
Ghana;29767102;2018
Ghana;29121465;2017
Ghana;28481945;2016
Ghana;27849205;2015
Ghana;24779619;2010
Ghana;21814642;2005
Ghana;19278856;2000
Ghana;17014057;1995
Ghana;14773277;1990
Ghana;12783613;1985
Ghana;11056116;1980
Ghana;9985946;1975
Ghana;8735495;1970
Ghana;7739473;1965
Ghana;6635230;1960
Ghana;5730594;1955
Mozambique;31255435;2020
Mozambique;30366036;2019
Mozambique;29496004;2018
Mozambique;28649018;2017
Mozambique;27829938;2016
Mozambique;27042002;2015
Mozambique;23531574;2010
Mozambique;20493925;2005
Mozambique;17711927;2000
Mozambique;15483286;1995
Mozambique;12987292;1990
Mozambique;12764387;1985
Mozambique;11630194;1980
Mozambique;10165215;1975
Mozambique;9022741;1970
Mozambique;8039215;1965
Mozambique;7184869;1960
Mozambique;6508398;1955
Burundi;11890784;2020
Burundi;11530580;2019
Burundi;11175374;2018
Burundi;10827019;2017
Burundi;10487995;2016
Burundi;10160030;2015
Burundi;8675602;2010
Burundi;7364862;2005
Burundi;6378871;2000
Burundi;5987043;1995
Burundi;5438957;1990
Burundi;4750837;1985
Burundi;4157298;1980
Burundi;3700880;1975
Burundi;3479074;1970
Burundi;3094379;1965
Burundi;2797932;1960
Burundi;2537157;1955
Benin;12123200;2020
Benin;11801151;2019
Benin;11485044;2018
Benin;11175198;2017
Benin;10872063;2016
Benin;10575952;2015
Benin;9199259;2010
Benin;7982225;2005
Benin;6865951;2000
Benin;5905558;1995
Benin;4978496;1990
Benin;4278501;1985
Benin;3717165;1980
Benin;3265165;1975
Benin;2912340;1970
Benin;2632356;1965
Benin;2431622;1960
Benin;2303587;1955
Rwanda;12952218;2020
Rwanda;12626950;2019
Rwanda;12301970;2018
Rwanda;11980961;2017
Rwanda;11668827;2016
Rwanda;11369071;2015
Rwanda;10039338;2010
Rwanda;8840215;2005
Rwanda;7933681;2000
Rwanda;5836495;1995
Rwanda;7288882;1990
Rwanda;6146891;1985
Rwanda;5153312;1980
Rwanda;4364706;1975
Rwanda;3757358;1970
Rwanda;3235531;1965
Rwanda;2935582;1960
Rwanda;2527294;1955
Guinea;13132795;2020
Guinea;12771246;2019
Guinea;12414293;2018
Guinea;12067519;2017
Guinea;11738429;2016
Guinea;11432088;2015
Guinea;10192176;2010
Guinea;9109581;2005
Guinea;8240730;2000
Guinea;7269625;1995
Guinea;6352283;1990
Guinea;5470702;1985
Guinea;4871435;1980
Guinea;4491248;1975
Guinea;4154605;1970
Guinea;3801705;1965
Guinea;3494162;1960
Guinea;3229649;1955
Zimbabwe;14862924;2020
Zimbabwe;14645468;2019
Zimbabwe;14438802;2018
Zimbabwe;14236595;2017
Zimbabwe;14030331;2016
Zimbabwe;13814629;2015
Zimbabwe;12697723;2010
Zimbabwe;12076699;2005
Zimbabwe;11881477;2000
Zimbabwe;11410714;1995
Zimbabwe;10432421;1990
Zimbabwe;8877489;1985
Zimbabwe;7408624;1980
Zimbabwe;6293875;1975
Zimbabwe;5289303;1970
Zimbabwe;4471177;1965
Zimbabwe;3776681;1960
Zimbabwe;3213286;1955
Somalia;15893222;2020
Somalia;15442905;2019
Somalia;15008226;2018
Somalia;14589179;2017
Somalia;14185636;2016
Somalia;13797201;2015
Somalia;12043883;2010
Somalia;10446863;2005
Somalia;8872254;2000
Somalia;7491637;1995
Somalia;7225092;1990
Somalia;6648627;1985
Somalia;6281134;1980
Somalia;3880292;1975
Somalia;3444568;1970
Somalia;3068459;1965
Somalia;2755972;1960
Somalia;2491542;1955
Chad;16425864;2020
Chad;15946876;2019
Chad;15477729;2018
Chad;15016753;2017
Chad;14561660;2016
Chad;14110975;2015
Chad;11952136;2010
Chad;10096633;2005
Chad;8355654;2000
Chad;7010145;1995
Chad;5963252;1990
Chad;5095401;1985
Chad;4514430;1980
Chad;4088564;1975
Chad;3643604;1970
Chad;3309586;1965
Chad;3001609;1960
Chad;2735198;1955
Cambodia;16718965;2020
Cambodia;16486542;2019
Cambodia;16249792;2018
Cambodia;16009409;2017
Cambodia;15766292;2016
Cambodia;15521436;2015
Cambodia;14312212;2010
Cambodia;13273354;2005
Cambodia;12155239;2000
Cambodia;10656138;1995
Cambodia;8975597;1990
Cambodia;7714880;1985
Cambodia;6693764;1980
Cambodia;7524447;1975
Cambodia;6996576;1970
Cambodia;6467197;1965
Cambodia;5722370;1960
Cambodia;5045288;1955
Senegal;16743927;2020
Senegal;16296364;2019
Senegal;15854323;2018
Senegal;15419355;2017
Senegal;14993519;2016
Senegal;14578459;2015
Senegal;12678148;2010
Senegal;11090116;2005
Senegal;9797734;2000
Senegal;8690164;1995
Senegal;7526307;1990
Senegal;6471327;1985
Senegal;5583165;1980
Senegal;4929846;1975
Senegal;4257505;1970
Senegal;3682876;1965
Senegal;3206749;1960
Senegal;2808225;1955
Netherlands;17134872;2020
Netherlands;17097130;2019
Netherlands;17059560;2018
Netherlands;17021347;2017
Netherlands;16981295;2016
Netherlands;16938499;2015
Netherlands;16682917;2010
Netherlands;16367158;2005
Netherlands;15926188;2000
Netherlands;15467851;1995
Netherlands;14965448;1990
Netherlands;14513949;1985
Netherlands;14148415;1980
Netherlands;13683291;1975
Netherlands;13001943;1970
Netherlands;12248344;1965
Netherlands;11448817;1960
Netherlands;10709630;1955
Syria;17500658;2020
Syria;17070135;2019
Syria;16945057;2018
Syria;17095678;2017
Syria;17465575;2016
Syria;17997408;2015
Syria;21362529;2010
Syria;18361176;2005
Syria;16410848;2000
Syria;14345492;1995
Syria;12446171;1990
Syria;10648632;1985
Syria;8930774;1980
Syria;7535714;1975
Syria;6350541;1970
Syria;5373137;1965
Syria;4573512;1960
Syria;3911501;1955
Ecuador;17643054;2020
Ecuador;17373662;2019
Ecuador;17084358;2018
Ecuador;16785361;2017
Ecuador;16491116;2016
Ecuador;16212020;2015
Ecuador;15011117;2010
Ecuador;13825847;2005
Ecuador;12681123;2000
Ecuador;11455204;1995
Ecuador;10230934;1990
Ecuador;9066109;1985
Ecuador;7989186;1980
Ecuador;6994334;1975
Ecuador;6069376;1970
Ecuador;5243977;1965
Ecuador;4543666;1960
Ecuador;3956620;1955
Guatemala;17915568;2020
Guatemala;17581472;2019
Guatemala;17247849;2018
Guatemala;16914970;2017
Guatemala;16583076;2016
Guatemala;16252429;2015
Guatemala;14630417;2010
Guatemala;13096028;2005
Guatemala;11650743;2000
Guatemala;10408489;1995
Guatemala;9263813;1990
Guatemala;8240060;1985
Guatemala;7283459;1980
Guatemala;6433728;1975
Guatemala;5621792;1970
Guatemala;4869716;1965
Guatemala;4210747;1960
Guatemala;3625300;1955
Zambia;18383955;2020
Zambia;17861030;2019
Zambia;17351708;2018
Zambia;16853599;2017
Zambia;16363458;2016
Zambia;15879361;2015
Zambia;13605984;2010
Zambia;11856247;2005
Zambia;10415944;2000
Zambia;9096607;1995
Zambia;8036845;1990
Zambia;6923149;1985
Zambia;5851825;1980
Zambia;4943283;1975
Zambia;4179067;1970
Zambia;3570464;1965
Zambia;3070776;1960
Zambia;2644976;1955
Kazakhstan;18776707;2020
Kazakhstan;18551427;2019
Kazakhstan;18319618;2018
Kazakhstan;18080019;2017
Kazakhstan;17830901;2016
Kazakhstan;17572016;2015
Kazakhstan;16252279;2010
Kazakhstan;15402807;2005
Kazakhstan;14922719;2000
Kazakhstan;15839363;1995
Kazakhstan;16383887;1990
Kazakhstan;15665595;1985
Kazakhstan;14796174;1980
Kazakhstan;14050226;1975
Kazakhstan;13036139;1970
Kazakhstan;11841920;1965
Kazakhstan;9934563;1960
Kazakhstan;7932521;1955
Chile;19116201;2020
Chile;18952038;2019
Chile;18729160;2018
Chile;18470439;2017
Chile;18209068;2016
Chile;17969353;2015
Chile;17062536;2010
Chile;16182721;2005
Chile;15342353;2000
Chile;14380866;1995
Chile;13274623;1990
Chile;12257236;1985
Chile;11419348;1980
Chile;10592307;1975
Chile;9783134;1970
Chile;8989621;1965
Chile;8132990;1960
Chile;7322652;1955
Malawi;19129952;2020
Malawi;18628747;2019
Malawi;18143217;2018
Malawi;17670196;2017
Malawi;17205261;2016
Malawi;16745303;2015
Malawi;14539612;2010
Malawi;12625952;2005
Malawi;11148758;2000
Malawi;9844415;1995
Malawi;9404500;1990
Malawi;7268267;1985
Malawi;6250440;1980
Malawi;5384795;1975
Malawi;4703782;1970
Malawi;4134460;1965
Malawi;3659984;1960
Malawi;3270548;1955
Tajikistan;9537645;2020
Tajikistan;9321018;2019
Tajikistan;9100835;2018
Tajikistan;8880268;2017
Tajikistan;8663579;2016
Tajikistan;8454028;2015
Tajikistan;7527394;2010
Tajikistan;6789321;2005
Tajikistan;6216341;2000
Tajikistan;5764810;1995
Tajikistan;5283814;1990
Tajikistan;4537822;1985
Tajikistan;3905446;1980
Tajikistan;3390941;1975
Tajikistan;2930107;1970
Tajikistan;2487976;1965
Tajikistan;2087049;1960
Tajikistan;1794416;1955
Hungary;9660351;2020
Hungary;9684679;2019
Hungary;9707499;2018
Hungary;9729823;2017
Hungary;9752975;2016
Hungary;9777923;2015
Hungary;9927370;2010
Hungary;10085937;2005
Hungary;10220507;2000
Hungary;10349302;1995
Hungary;10377137;1990
Hungary;10566323;1985
Hungary;10754286;1980
Hungary;10526780;1975
Hungary;10366105;1970
Hungary;10169799;1965
Hungary;10000994;1960
Hungary;9828494;1955
United Arab Emirates;9890402;2020
United Arab Emirates;9770529;2019
United Arab Emirates;9630959;2018
United Arab Emirates;9487203;2017
United Arab Emirates;9360980;2016
United Arab Emirates;9262900;2015
United Arab Emirates;8549988;2010
United Arab Emirates;4588225;2005
United Arab Emirates;3134062;2000
United Arab Emirates;2415090;1995
United Arab Emirates;1828432;1990
United Arab Emirates;1366164;1985
United Arab Emirates;1019509;1980
United Arab Emirates;548301;1975
United Arab Emirates;234514;1970
United Arab Emirates;149857;1965
United Arab Emirates;92418;1960
United Arab Emirates;79578;1955
Honduras;9904607;2020
Honduras;9746117;2019
Honduras;9587522;2018
Honduras;9429013;2017
Honduras;9270795;2016
Honduras;9112916;2015
Honduras;8317470;2010
Honduras;7458985;2005
Honduras;6574509;2000
Honduras;5709014;1995
Honduras;4955303;1990
Honduras;4281161;1985
Honduras;3678279;1980
Honduras;3153253;1975
Honduras;2716654;1970
Honduras;2346015;1965
Honduras;2038632;1960
Honduras;1771352;1955
Sweden;10099265;2020
Sweden;10036379;2019
Sweden;9971638;2018
Sweden;9904896;2017
Sweden;9836007;2016
Sweden;9764950;2015
Sweden;9390168;2010
Sweden;9038623;2005
Sweden;8881640;2000
Sweden;8836420;1995
Sweden;8567384;1990
Sweden;8357652;1985
Sweden;8316338;1980
Sweden;8197340;1975
Sweden;8054916;1970
Sweden;7745673;1965
Sweden;7482543;1960
Sweden;7262623;1955
Azerbaijan;10139177;2020
Azerbaijan;10047718;2019
Azerbaijan;9949537;2018
Azerbaijan;9845320;2017
Azerbaijan;9736043;2016
Azerbaijan;9622745;2015
Azerbaijan;9032461;2010
Azerbaijan;8538605;2005
Azerbaijan;8122741;2000
Azerbaijan;7775424;1995
Azerbaijan;7242761;1990
Azerbaijan;6666447;1985
Azerbaijan;6150733;1980
Azerbaijan;5674133;1975
Azerbaijan;5180023;1970
Azerbaijan;4592609;1965
Azerbaijan;3895397;1960
Azerbaijan;3329387;1955
Portugal;10196709;2020
Portugal;10226187;2019
Portugal;10256193;2018
Portugal;10288527;2017
Portugal;10325538;2016
Portugal;10368351;2015
Portugal;10596058;2010
Portugal;10508495;2005
Portugal;10297112;2000
Portugal;10091325;1995
Portugal;9895364;1990
Portugal;9929184;1985
Portugal;9750964;1980
Portugal;9172241;1975
Portugal;8651340;1970
Portugal;8862280;1965
Portugal;8844645;1960
Portugal;8625532;1955
Jordan;10203134;2020
Jordan;10101694;2019
Jordan;9965318;2018
Jordan;9785843;2017
Jordan;9554286;2016
Jordan;9266575;2015
Jordan;7261539;2010
Jordan;5765635;2005
Jordan;5122493;2000
Jordan;4588843;1995
Jordan;3565890;1990
Jordan;2900049;1985
Jordan;2377995;1980
Jordan;2065913;1975
Jordan;1721323;1970
Jordan;1173606;1965
Jordan;933102;1960
Jordan;682968;1955
Greece;10423054;2020
Greece;10473455;2019
Greece;10522246;2018
Greece;10569450;2017
Greece;10615185;2016
Greece;10659750;2015
Greece;10887637;2010
Greece;11224791;2005
Greece;11082104;2000
Greece;10745503;1995
Greece;10225992;1990
Greece;9968238;1985
Greece;9627002;1980
Greece;9014085;1975
Greece;8663571;1970
Greece;8453821;1965
Greece;8273629;1960
Greece;8011124;1955
Czech Republic (Czechia);10708981;2020
Czech Republic (Czechia);10689209;2019
Czech Republic (Czechia);10665677;2018
Czech Republic (Czechia);10641034;2017
Czech Republic (Czechia);10618857;2016
Czech Republic (Czechia);10601397;2015
Czech Republic (Czechia);10536518;2010
Czech Republic (Czechia);10258167;2005
Czech Republic (Czechia);10289373;2000
Czech Republic (Czechia);10358193;1995
Czech Republic (Czechia);10340875;1990
Czech Republic (Czechia);10331143;1985
Czech Republic (Czechia);10349083;1980
Czech Republic (Czechia);10069955;1975
Czech Republic (Czechia);9817669;1970
Czech Republic (Czechia);9811377;1965
Czech Republic (Czechia);9590174;1960
Czech Republic (Czechia);9361772;1955
Dominican Republic;10847910;2020
Dominican Republic;10738958;2019
Dominican Republic;10627141;2018
Dominican Republic;10513104;2017
Dominican Republic;10397741;2016
Dominican Republic;10281680;2015
Dominican Republic;9695121;2010
Dominican Republic;9097257;2005
Dominican Republic;8471321;2000
Dominican Republic;7819247;1995
Dominican Republic;7133494;1990
Dominican Republic;6464229;1985
Dominican Republic;5803927;1980
Dominican Republic;5144637;1975
Dominican Republic;4499720;1970
Dominican Republic;3877765;1965
Dominican Republic;3294224;1960
Dominican Republic;2781336;1955
South Sudan;11193725;2020
South Sudan;11062113;2019
South Sudan;10975927;2018
South Sudan;10910763;2017
South Sudan;10832518;2016
South Sudan;10715658;2015
South Sudan;9508364;2010
South Sudan;7535932;2005
South Sudan;6199394;2000
South Sudan;5118083;1995
South Sudan;5492623;1990
South Sudan;5220747;1985
South Sudan;4502604;1980
South Sudan;3941618;1975
South Sudan;3494004;1970
South Sudan;3133150;1965
South Sudan;2842724;1960
South Sudan;2619712;1955
Cuba;11326616;2020
Cuba;11333483;2019
Cuba;11338134;2018
Cuba;11339254;2017
Cuba;11335104;2016
Cuba;11324781;2015
Cuba;11225832;2010
Cuba;11261582;2005
Cuba;11126430;2000
Cuba;10888252;1995
Cuba;10596987;1990
Cuba;10097911;1985
Cuba;9849459;1980
Cuba;9446442;1975
Cuba;8712541;1970
Cuba;7958169;1965
Cuba;7141250;1960
Cuba;6539454;1955
Haiti;11402528;2020
Haiti;11263077;2019
Haiti;11123178;2018
Haiti;10982366;2017
Haiti;10839970;2016
Haiti;10695542;2015
Haiti;9949322;2010
Haiti;9195288;2005
Haiti;8463806;2000
Haiti;7744503;1995
Haiti;7037917;1990
Haiti;6337273;1985
Haiti;5643173;1980
Haiti;5094577;1975
Haiti;4676230;1970
Haiti;4258732;1965
Haiti;3866159;1960
Haiti;3514074;1955
Belgium;11589623;2020
Belgium;11539328;2019
Belgium;11482178;2018
Belgium;11419748;2017
Belgium;11354420;2016
Belgium;11287940;2015
Belgium;10938739;2010
Belgium;10546886;2005
Belgium;10282033;2000
Belgium;10186305;1995
Belgium;10006544;1990
Belgium;9916578;1985
Belgium;9868995;1980
Belgium;9771586;1975
Belgium;9632180;1970
Belgium;9443939;1965
Belgium;9167365;1960
Belgium;8887274;1955
Bolivia;11673021;2020
Bolivia;11513100;2019
Bolivia;11353142;2018
Bolivia;11192855;2017
Bolivia;11031814;2016
Bolivia;10869730;2015
Bolivia;10048590;2010
Bolivia;9232306;2005
Bolivia;8418264;2000
Bolivia;7622338;1995
Bolivia;6864842;1990
Bolivia;6179460;1985
Bolivia;5579935;1980
Bolivia;5001419;1975
Bolivia;4484004;1970
Bolivia;4038872;1965
Bolivia;3656955;1960
Bolivia;3331036;1955
Tunisia;11818619;2020
Tunisia;11694719;2019
Tunisia;11565201;2018
Tunisia;11433443;2017
Tunisia;11303945;2016
Tunisia;11179949;2015
Tunisia;10635244;2010
Tunisia;10106771;2005
Tunisia;9708350;2000
Tunisia;9125398;1995
Tunisia;8242496;1990
Tunisia;7329594;1985
Tunisia;6374039;1980
Tunisia;5656914;1975
Tunisia;5063809;1970
Tunisia;4547941;1965
Tunisia;4178236;1960
Tunisia;3943540;1955
Nicaragua;6624554;2020
Nicaragua;6545502;2019
Nicaragua;6465501;2018
Nicaragua;6384846;2017
Nicaragua;6303974;2016
Nicaragua;6223240;2015
Nicaragua;5824065;2010
Nicaragua;5438690;2005
Nicaragua;5069302;2000
Nicaragua;4652185;1995
Nicaragua;4173434;1990
Nicaragua;3734341;1985
Nicaragua;3265519;1980
Nicaragua;2806857;1975
Nicaragua;2406513;1970
Nicaragua;2068381;1965
Nicaragua;1773129;1960
Nicaragua;1508102;1955
Lebanon;6825445;2020
Lebanon;6855713;2019
Lebanon;6859408;2018
Lebanon;6819373;2017
Lebanon;6714281;2016
Lebanon;6532678;2015
Lebanon;4953061;2010
Lebanon;4698763;2005
Lebanon;3842778;2000
Lebanon;3528380;1995
Lebanon;2803044;1990
Lebanon;2651995;1985
Lebanon;2588929;1980
Lebanon;2575749;1975
Lebanon;2297434;1970
Lebanon;2092375;1965
Lebanon;1804941;1960
Lebanon;1532115;1955
Libya;6871292;2020
Libya;6777452;2019
Libya;6678559;2018
Libya;6580724;2017
Libya;6492162;2016
Libya;6418315;2015
Libya;6197663;2010
Libya;5798614;2005
Libya;5357891;2000
Libya;4948798;1995
Libya;4436661;1990
Libya;3873781;1985
Libya;3219466;1980
Libya;2645139;1975
Libya;2133526;1970
Libya;1733306;1965
Libya;1448417;1960
Libya;1245358;1955
Bulgaria;6948445;2020
Bulgaria;7000119;2019
Bulgaria;7051608;2018
Bulgaria;7102444;2017
Bulgaria;7151953;2016
Bulgaria;7199741;2015
Bulgaria;7425008;2010
Bulgaria;7686962;2005
Bulgaria;7997957;2000
Bulgaria;8379308;1995
Bulgaria;8841458;1990
Bulgaria;8975361;1985
Bulgaria;8878791;1980
Bulgaria;8738392;1975
Bulgaria;8507551;1970
Bulgaria;8222589;1965
Bulgaria;7885607;1960
Bulgaria;7561493;1955
Paraguay;7132538;2020
Paraguay;7044636;2019
Paraguay;6956066;2018
Paraguay;6867061;2017
Paraguay;6777872;2016
Paraguay;6688746;2015
Paraguay;6248020;2010
Paraguay;5824096;2005
Paraguay;5323201;2000
Paraguay;4776843;1995
Paraguay;4223415;1990
Paraguay;3676210;1985
Paraguay;3181625;1980
Paraguay;2791241;1975
Paraguay;2474763;1970
Paraguay;2172306;1965
Paraguay;1903982;1960
Paraguay;1673665;1955
Laos;7275560;2020
Laos;7169455;2019
Laos;7061507;2018
Laos;6953035;2017
Laos;6845846;2016
Laos;6741164;2015
Laos;6249165;2010
Laos;5751676;2005
Laos;5323700;2000
Laos;4846483;1995
Laos;4258472;1990
Laos;3687898;1985
Laos;3258144;1980
Laos;3051577;1975
Laos;2688428;1970
Laos;2382594;1965
Laos;2120898;1960
Laos;1890854;1955
Hong Kong;7496981;2020
Hong Kong;7436154;2019
Hong Kong;7371730;2018
Hong Kong;7306322;2017
Hong Kong;7243542;2016
Hong Kong;7185996;2015
Hong Kong;6966331;2010
Hong Kong;6769574;2005
Hong Kong;6606327;2000
Hong Kong;6084227;1995
Hong Kong;5727938;1990
Hong Kong;5287022;1985
Hong Kong;4868742;1980
Hong Kong;4208955;1975
Hong Kong;3848924;1970
Hong Kong;3467220;1965
Hong Kong;3046050;1960
Hong Kong;2472658;1955
Sierra Leone;7976983;2020
Sierra Leone;7813215;2019
Sierra Leone;7650150;2018
Sierra Leone;7488423;2017
Sierra Leone;7328834;2016
Sierra Leone;7171914;2015
Sierra Leone;6415634;2010
Sierra Leone;5645624;2005
Sierra Leone;4584571;2000
Sierra Leone;4303957;1995
Sierra Leone;4319762;1990
Sierra Leone;3805311;1985
Sierra Leone;3388495;1980
Sierra Leone;3037154;1975
Sierra Leone;2744891;1970
Sierra Leone;2508219;1965
Sierra Leone;2317636;1960
Sierra Leone;2165815;1955
Togo;8278724;2020
Togo;8082366;2019
Togo;7889093;2018
Togo;7698474;2017
Togo;7509951;2016
Togo;7323158;2015
Togo;6421679;2010
Togo;5611640;2005
Togo;4924402;2000
Togo;4226291;1995
Togo;3774312;1990
Togo;3252994;1985
Togo;2720839;1980
Togo;2410446;1975
Togo;2115522;1970
Togo;1708630;1965
Togo;1580513;1960
Togo;1473839;1955
Switzerland;8654622;2020
Switzerland;8591365;2019
Switzerland;8525611;2018
Switzerland;8455804;2017
Switzerland;8379917;2016
Switzerland;8296775;2015
Switzerland;7808675;2010
Switzerland;7386816;2005
Switzerland;7143761;2000
Switzerland;6995521;1995
Switzerland;6652868;1990
Switzerland;6435424;1985
Switzerland;6283832;1980
Switzerland;6337025;1975
Switzerland;6150852;1970
Switzerland;5812851;1965
Switzerland;5280680;1960
Switzerland;4957066;1955
Israel;8655535;2020
Israel;8519377;2019
Israel;8381516;2018
Israel;8243848;2017
Israel;8108985;2016
Israel;7978490;2015
Israel;7346446;2010
Israel;6529479;2005
Israel;5945950;2000
Israel;5271367;1995
Israel;4448353;1990
Israel;4035068;1985
Israel;3700919;1980
Israel;3296935;1975
Israel;2813749;1970
Israel;2490317;1965
Israel;2060480;1960
Israel;1691878;1955
Serbia;8737371;2020
Serbia;8772235;2019
Serbia;8802754;2018
Serbia;8829628;2017
Serbia;8853963;2016
Serbia;8876777;2015
Serbia;8991254;2010
Serbia;9193825;2005
Serbia;9487616;2000
Serbia;9884147;1995
Serbia;9517675;1990
Serbia;9253405;1985
Serbia;8908294;1980
Serbia;8497170;1975
Serbia;8119860;1970
Serbia;7835083;1965
Serbia;7556727;1960
Serbia;7234922;1955
Papua New Guinea;8947024;2020
Papua New Guinea;8776109;2019
Papua New Guinea;8606323;2018
Papua New Guinea;8438036;2017
Papua New Guinea;8271762;2016
Papua New Guinea;8107775;2015
Papua New Guinea;7310507;2010
Papua New Guinea;6494903;2005
Papua New Guinea;5847586;2000
Papua New Guinea;5187060;1995
Papua New Guinea;4615839;1990
Papua New Guinea;4081030;1985
Papua New Guinea;3571205;1980
Papua New Guinea;3139945;1975
Papua New Guinea;2783121;1970
Papua New Guinea;2485437;1965
Papua New Guinea;2255859;1960
Papua New Guinea;2086247;1955
Austria;9006398;2020
Austria;8955102;2019
Austria;8891388;2018
Austria;8819901;2017
Austria;8747301;2016
Austria;8678660;2015
Austria;8409949;2010
Austria;8253650;2005
Austria;8069276;2000
Austria;7990121;1995
Austria;7723949;1990
Austria;7614868;1985
Austria;7609752;1980
Austria;7637689;1975
Austria;7516239;1970
Austria;7305158;1965
Austria;7070766;1960
Austria;6953406;1955
Belarus;9449323;2020
Belarus;9452411;2019
Belarus;9452617;2018
Belarus;9450231;2017
Belarus;9445643;2016
Belarus;9439423;2015
Belarus;9420574;2010
Belarus;9562088;2005
Belarus;9871632;2000
Belarus;10077608;1995
Belarus;10151134;1990
Belarus;9901493;1985
Belarus;9569847;1980
Belarus;9252779;1975
Belarus;8913552;1970
Belarus;8505722;1965
Belarus;8124881;1960
Belarus;7747210;1955
Mauritania;4649658;2020
Mauritania;4525696;2019
Mauritania;4403313;2018
Mauritania;4282570;2017
Mauritania;4163533;2016
Mauritania;4046301;2015
Mauritania;3494195;2010
Mauritania;3024194;2005
Mauritania;2630219;2000
Mauritania;2313630;1995
Mauritania;2034346;1990
Mauritania;1780030;1985
Mauritania;1540640;1980
Mauritania;1330598;1975
Mauritania;1146780;1970
Mauritania;985910;1965
Mauritania;850384;1960
Mauritania;738299;1955
New Zealand;4822233;2020
New Zealand;4783063;2019
New Zealand;4743131;2018
New Zealand;4702034;2017
New Zealand;4659265;2016
New Zealand;4614532;2015
New Zealand;4370062;2010
New Zealand;4135355;2005
New Zealand;3858999;2000
New Zealand;3674936;1995
New Zealand;3398172;1990
New Zealand;3268236;1985
New Zealand;3146619;1980
New Zealand;3082633;1975
New Zealand;2818387;1970
New Zealand;2626645;1965
New Zealand;2372594;1960
New Zealand;2136391;1955
Central African Republic;4829767;2020
Central African Republic;4745185;2019
Central African Republic;4666368;2018
Central African Republic;4596023;2017
Central African Republic;4537686;2016
Central African Republic;4493170;2015
Central African Republic;4386768;2010
Central African Republic;4038382;2005
Central African Republic;3640427;2000
Central African Republic;3222656;1995
Central African Republic;2806734;1990
Central African Republic;2542169;1985
Central African Republic;2199356;1980
Central African Republic;1958367;1975
Central African Republic;1811144;1970
Central African Republic;1639706;1965
Central African Republic;1501668;1960
Central African Republic;1401341;1955
Ireland;4937786;2020
Ireland;4882495;2019
Ireland;4818690;2018
Ireland;4753279;2017
Ireland;4695779;2016
Ireland;4652425;2015
Ireland;4554321;2010
Ireland;4141223;2005
Ireland;3783103;2000
Ireland;3592186;1995
Ireland;3510885;1990
Ireland;3510979;1985
Ireland;3384756;1980
Ireland;3137176;1975
Ireland;2908421;1970
Ireland;2823650;1965
Ireland;2791397;1960
Ireland;2873415;1955
Liberia;5057681;2020
Liberia;4937374;2019
Liberia;4818973;2018
Liberia;4702226;2017
Liberia;4586787;2016
Liberia;4472230;2015
Liberia;3891356;2010
Liberia;3218116;2005
Liberia;2848456;2000
Liberia;2044661;1995
Liberia;2075912;1990
Liberia;2145754;1985
Liberia;1853001;1980
Liberia;1600452;1975
Liberia;1400730;1970
Liberia;1245102;1965
Liberia;1118657;1960
Liberia;1011363;1955
Costa Rica;5094118;2020
Costa Rica;5047561;2019
Costa Rica;4999441;2018
Costa Rica;4949954;2017
Costa Rica;4899345;2016
Costa Rica;4847804;2015
Costa Rica;4577378;2010
Costa Rica;4285502;2005
Costa Rica;3962372;2000
Costa Rica;3545534;1995
Costa Rica;3119433;1990
Costa Rica;2736712;1985
Costa Rica;2389977;1980
Costa Rica;2094188;1975
Costa Rica;1847394;1970
Costa Rica;1592841;1965
Costa Rica;1330782;1960
Costa Rica;1110087;1955
State of Palestine;5101414;2020
State of Palestine;4981420;2019
State of Palestine;4862979;2018
State of Palestine;4747227;2017
State of Palestine;4635654;2016
State of Palestine;4529166;2015
State of Palestine;4055631;2010
State of Palestine;3577961;2005
State of Palestine;3224003;2000
State of Palestine;2618668;1995
State of Palestine;2101446;1990
State of Palestine;1759534;1985
State of Palestine;1510713;1980
State of Palestine;1323802;1975
State of Palestine;1126629;1970
State of Palestine;1191379;1965
State of Palestine;1069320;1960
State of Palestine;987755;1955
Oman;5106626;2020
Oman;4974986;2019
Oman;4829473;2018
Oman;4665928;2017
Oman;4479219;2016
Oman;4267348;2015
Oman;3041434;2010
Oman;2511251;2005
Oman;2267973;2000
Oman;2204277;1995
Oman;1812161;1990
Oman;1498418;1985
Oman;1154377;1980
Oman;882047;1975
Oman;723851;1970
Oman;625009;1965
Oman;551740;1960
Oman;495818;1955
Norway;5421241;2020
Norway;5378857;2019
Norway;5337962;2018
Norway;5296326;2017
Norway;5250949;2016
Norway;5199836;2015
Norway;4885878;2010
Norway;4632364;2005
Norway;4499367;2000
Norway;4366995;1995
Norway;4247285;1990
Norway;4153105;1985
Norway;4086076;1980
Norway;4008031;1975
Norway;3876060;1970
Norway;3724463;1965
Norway;3582507;1960
Norway;3430340;1955
Slovakia;5459642;2020
Slovakia;5457013;2019
Slovakia;5453014;2018
Slovakia;5447900;2017
Slovakia;5442003;2016
Slovakia;5435611;2015
Slovakia;5404294;2010
Slovakia;5398963;2005
Slovakia;5399211;2000
Slovakia;5375470;1995
Slovakia;5288454;1990
Slovakia;5166798;1985
Slovakia;4996731;1980
Slovakia;4752540;1975
Slovakia;4538841;1970
Slovakia;4383452;1965
Slovakia;4140129;1960
Slovakia;3815402;1955
Congo;5518087;2020
Congo;5380508;2019
Congo;5244359;2018
Congo;5110695;2017
Congo;4980996;2016
Congo;4856095;2015
Congo;4273731;2010
Congo;3622775;2005
Congo;3127411;2000
Congo;2707537;1995
Congo;2356737;1990
Congo;2054312;1985
Congo;1777934;1980
Congo;1536654;1975
Congo;1326885;1970
Congo;1155392;1965
Congo;1018253;1960
Congo;911029;1955
Finland;5540720;2020
Finland;5532156;2019
Finland;5522576;2018
Finland;5511371;2017
Finland;5497713;2016
Finland;5481122;2015
Finland;5365782;2010
Finland;5258927;2005
Finland;5187954;2000
Finland;5119005;1995
Finland;4996222;1990
Finland;4911220;1985
Finland;4788243;1980
Finland;4718749;1975
Finland;4612366;1970
Finland;4568598;1965
Finland;4434590;1960
Finland;4238275;1955
Denmark;5792202;2020
Denmark;5771876;2019
Denmark;5752126;2018
Denmark;5732274;2017
Denmark;5711349;2016
Denmark;5688695;2015
Denmark;5554844;2010
Denmark;5421702;2005
Denmark;5341194;2000
Denmark;5232704;1995
Denmark;5141115;1990
Denmark;5114243;1985
Denmark;5123945;1980
Denmark;5062729;1975
Denmark;4931241;1970
Denmark;4760460;1965
Denmark;4581101;1960
Denmark;4440778;1955
Singapore;5850342;2020
Singapore;5804337;2019
Singapore;5757499;2018
Singapore;5708041;2017
Singapore;5653634;2016
Singapore;5592152;2015
Singapore;5131172;2010
Singapore;4265687;2005
Singapore;4028871;2000
Singapore;3525969;1995
Singapore;3012966;1990
Singapore;2705534;1985
Singapore;2411688;1980
Singapore;2259721;1975
Singapore;2072283;1970
Singapore;1877826;1965
Singapore;1633130;1960
Singapore;1305105;1955
Turkmenistan;6031200;2020
Turkmenistan;5942089;2019
Turkmenistan;5850901;2018
Turkmenistan;5757667;2017
Turkmenistan;5662368;2016
Turkmenistan;5565287;2015
Turkmenistan;5087213;2010
Turkmenistan;4754646;2005
Turkmenistan;4516133;2000
Turkmenistan;4207841;1995
Turkmenistan;3683967;1990
Turkmenistan;3244018;1985
Turkmenistan;2876808;1980
Turkmenistan;2525364;1975
Turkmenistan;2195175;1970
Turkmenistan;1892599;1965
Turkmenistan;1603258;1960
Turkmenistan;1364635;1955
El Salvador;6486205;2020
El Salvador;6453553;2019
El Salvador;6420746;2018
El Salvador;6388126;2017
El Salvador;6356143;2016
El Salvador;6325124;2015
El Salvador;6183875;2010
El Salvador;6052123;2005
El Salvador;5887936;2000
El Salvador;5628600;1995
El Salvador;5270079;1990
El Salvador;4936807;1985
El Salvador;4591134;1980
El Salvador;4154692;1975
El Salvador;3673068;1970
El Salvador;3201313;1965
El Salvador;2766324;1960
El Salvador;2432880;1955
Kyrgyzstan;6524195;2020
Kyrgyzstan;6415850;2019
Kyrgyzstan;6304030;2018
Kyrgyzstan;6189733;2017
Kyrgyzstan;6074330;2016
Kyrgyzstan;5959121;2015
Kyrgyzstan;5422293;2010
Kyrgyzstan;5075347;2005
Kyrgyzstan;4920712;2000
Kyrgyzstan;4566096;1995
Kyrgyzstan;4372885;1990
Kyrgyzstan;3993071;1985
Kyrgyzstan;3610970;1980
Kyrgyzstan;3291078;1975
Kyrgyzstan;2969851;1970
Kyrgyzstan;2569452;1965
Kyrgyzstan;2170094;1960
Kyrgyzstan;1904062;1955
Botswana;2351627;2020
Botswana;2303697;2019
Botswana;2254068;2018
Botswana;2205080;2017
Botswana;2159927;2016
Botswana;2120716;2015
Botswana;1987105;2010
Botswana;1799078;2005
Botswana;1643334;2000
Botswana;1469174;1995
Botswana;1286756;1990
Botswana;1069582;1985
Botswana;897868;1980
Botswana;741355;1975
Botswana;627715;1970
Botswana;559994;1965
Botswana;502745;1960
Botswana;463359;1955
Gambia;2416668;2020
Gambia;2347706;2019
Gambia;2280094;2018
Gambia;2213889;2017
Gambia;2149136;2016
Gambia;2085860;2015
Gambia;1793196;2010
Gambia;1543741;2005
Gambia;1317703;2000
Gambia;1128575;1995
Gambia;955593;1990
Gambia;755787;1985
Gambia;637246;1980
Gambia;539979;1975
Gambia;464410;1970
Gambia;405259;1965
Gambia;365047;1960
Gambia;329661;1955
Namibia;2540905;2020
Namibia;2494530;2019
Namibia;2448301;2018
Namibia;2402633;2017
Namibia;2358044;2016
Namibia;2314904;2015
Namibia;2118874;2010
Namibia;1938320;2005
Namibia;1794571;2000
Namibia;1627865;1995
Namibia;1432905;1990
Namibia;1198148;1985
Namibia;1057727;1980
Namibia;947921;1975
Namibia;817469;1970
Namibia;716584;1965
Namibia;634142;1960
Namibia;567847;1955
Lithuania;2722289;2020
Lithuania;2759627;2019
Lithuania;2801264;2018
Lithuania;2845414;2017
Lithuania;2889557;2016
Lithuania;2931880;2015
Lithuania;3123816;2010
Lithuania;3344268;2005
Lithuania;3501839;2000
Lithuania;3626612;1995
Lithuania;3696035;1990
Lithuania;3562397;1985
Lithuania;3430760;1980
Lithuania;3298879;1975
Lithuania;3136586;1970
Lithuania;2966165;1965
Lithuania;2769876;1960
Lithuania;2628751;1955
Puerto Rico;2860853;2020
Puerto Rico;2933408;2019
Puerto Rico;3039596;2018
Puerto Rico;3163667;2017
Puerto Rico;3283125;2016
Puerto Rico;3381518;2015
Puerto Rico;3579841;2010
Puerto Rico;3631889;2005
Puerto Rico;3668960;2000
Puerto Rico;3567696;1995
Puerto Rico;3403154;1990
Puerto Rico;3263179;1985
Puerto Rico;3090691;1980
Puerto Rico;2844927;1975
Puerto Rico;2631707;1970
Puerto Rico;2507537;1965
Puerto Rico;2294982;1960
Puerto Rico;2195516;1955
Albania;2877797;2020
Albania;2880917;2019
Albania;2882740;2018
Albania;2884169;2017
Albania;2886438;2016
Albania;2890513;2015
Albania;2948023;2010
Albania;3086810;2005
Albania;3129243;2000
Albania;3112936;1995
Albania;3286073;1990
Albania;2969672;1985
Albania;2682690;1980
Albania;2411732;1975
Albania;2150707;1970
Albania;1896171;1965
Albania;1636090;1960
Albania;1419994;1955
Qatar;2881053;2020
Qatar;2832067;2019
Qatar;2781682;2018
Qatar;2724728;2017
Qatar;2654374;2016
Qatar;2565710;2015
Qatar;1856327;2010
Qatar;865416;2005
Qatar;592468;2000
Qatar;513442;1995
Qatar;476278;1990
Qatar;370890;1985
Qatar;223632;1980
Qatar;164320;1975
Qatar;109514;1970
Qatar;73633;1965
Qatar;47384;1960
Qatar;35866;1955
Jamaica;2961167;2020
Jamaica;2948279;2019
Jamaica;2934847;2018
Jamaica;2920848;2017
Jamaica;2906236;2016
Jamaica;2891021;2015
Jamaica;2810460;2010
Jamaica;2740003;2005
Jamaica;2654701;2000
Jamaica;2533711;1995
Jamaica;2419906;1990
Jamaica;2335510;1985
Jamaica;2162846;1980
Jamaica;2028016;1975
Jamaica;1875642;1970
Jamaica;1756511;1965
Jamaica;1628520;1960
Jamaica;1540956;1955
Armenia;2963243;2020
Armenia;2957731;2019
Armenia;2951745;2018
Armenia;2944791;2017
Armenia;2936143;2016
Armenia;2925553;2015
Armenia;2877319;2010
Armenia;2981269;2005
Armenia;3069591;2000
Armenia;3217348;1995
Armenia;3538171;1990
Armenia;3335940;1985
Armenia;3099754;1980
Armenia;2832759;1975
Armenia;2525068;1970
Armenia;2211319;1965
Armenia;1874121;1960
Armenia;1563507;1955
Mongolia;3278290;2020
Mongolia;3225167;2019
Mongolia;3170216;2018
Mongolia;3113786;2017
Mongolia;3056364;2016
Mongolia;2998439;2015
Mongolia;2719896;2010
Mongolia;2526424;2005
Mongolia;2397418;2000
Mongolia;2298020;1995
Mongolia;2184145;1990
Mongolia;1921881;1985
Mongolia;1689622;1980
Mongolia;1479651;1975
Mongolia;1278825;1970
Mongolia;1107124;1965
Mongolia;955505;1960
Mongolia;855103;1955
Bosnia and Herzegovina;3280819;2020
Bosnia and Herzegovina;3301000;2019
Bosnia and Herzegovina;3323925;2018
Bosnia and Herzegovina;3351525;2017
Bosnia and Herzegovina;3386266;2016
Bosnia and Herzegovina;3429361;2015
Bosnia and Herzegovina;3705472;2010
Bosnia and Herzegovina;3765331;2005
Bosnia and Herzegovina;3751176;2000
Bosnia and Herzegovina;3829050;1995
Bosnia and Herzegovina;4463423;1990
Bosnia and Herzegovina;4392131;1985
Bosnia and Herzegovina;4179855;1980
Bosnia and Herzegovina;3985105;1975
Bosnia and Herzegovina;3760529;1970
Bosnia and Herzegovina;3535643;1965
Bosnia and Herzegovina;3225668;1960
Bosnia and Herzegovina;2936309;1955
Uruguay;3473730;2020
Uruguay;3461734;2019
Uruguay;3449285;2018
Uruguay;3436641;2017
Uruguay;3424129;2016
Uruguay;3412009;2015
Uruguay;3359275;2010
Uruguay;3321803;2005
Uruguay;3319736;2000
Uruguay;3224281;1995
Uruguay;3109601;1990
Uruguay;3011519;1985
Uruguay;2915389;1980
Uruguay;2830176;1975
Uruguay;2809793;1970
Uruguay;2694536;1965
Uruguay;2538643;1960
Uruguay;2372559;1955
Eritrea;3546421;2020
Eritrea;3497117;2019
Eritrea;3452786;2018
Eritrea;3412893;2017
Eritrea;3376557;2016
Eritrea;3342818;2015
Eritrea;3170435;2010
Eritrea;2826659;2005
Eritrea;2292416;2000
Eritrea;2204222;1995
Eritrea;2258653;1990
Eritrea;2003937;1985
Eritrea;1733416;1980
Eritrea;1505439;1975
Eritrea;1310945;1970
Eritrea;1148189;1965
Eritrea;1007590;1960
Eritrea;899752;1955
Georgia;3989167;2020
Georgia;3996765;2019
Georgia;4002942;2018
Georgia;4008716;2017
Georgia;4015450;2016
Georgia;4024183;2015
Georgia;4099099;2010
Georgia;4210168;2005
Georgia;4362187;2000
Georgia;4976260;1995
Georgia;5410399;1990
Georgia;5211454;1985
Georgia;5017833;1980
Georgia;4873639;1975
Georgia;4713342;1970
Georgia;4371527;1965
Georgia;4007723;1960
Georgia;3713133;1955
Moldova;4033963;2020
Moldova;4043263;2019
Moldova;4051944;2018
Moldova;4059684;2017
Moldova;4066009;2016
Moldova;4070700;2015
Moldova;4086081;2010
Moldova;4159293;2005
Moldova;4202658;2000
Moldova;4340597;1995
Moldova;4365564;1990
Moldova;4216249;1985
Moldova;4011076;1980
Moldova;3840045;1975
Moldova;3595555;1970
Moldova;3336592;1965
Moldova;3004452;1960
Moldova;2627012;1955
Croatia;4105267;2020
Croatia;4130304;2019
Croatia;4156405;2018
Croatia;4182857;2017
Croatia;4208602;2016
Croatia;4232874;2015
Croatia;4328165;2010
Croatia;4378058;2005
Croatia;4428075;2000
Croatia;4616766;1995
Croatia;4776374;1990
Croatia;4716117;1985
Croatia;4598130;1980
Croatia;4500867;1975
Croatia;4423073;1970
Croatia;4328923;1965
Croatia;4192635;1960
Croatia;4030415;1955
Kuwait;4270571;2020
Kuwait;4207083;2019
Kuwait;4137312;2018
Kuwait;4056099;2017
Kuwait;3956875;2016
Kuwait;3835591;2015
Kuwait;2991884;2010
Kuwait;2270198;2005
Kuwait;2045123;2000
Kuwait;1605901;1995
Kuwait;2095344;1990
Kuwait;1735274;1985
Kuwait;1368677;1980
Kuwait;1021720;1975
Kuwait;744450;1970
Kuwait;472037;1965
Kuwait;269029;1960
Kuwait;181888;1955
Panama;4314767;2020
Panama;4246439;2019
Panama;4176869;2018
Panama;4106769;2017
Panama;4037078;2016
Panama;3968487;2015
Panama;3642687;2010
Panama;3330217;2005
Panama;3030328;2000
Panama;2739668;1995
Panama;2470947;1990
Panama;2219201;1985
Panama;1978487;1980
Panama;1745138;1975
Panama;1519285;1970
Panama;1314677;1965
Panama;1132997;1960
Panama;981080;1955
Réunion;895312;2020
Réunion;888927;2019
Réunion;882526;2018
Réunion;876134;2017
Réunion;869743;2016
Réunion;863363;2015
Réunion;830519;2010
Réunion;791598;2005
Réunion;736710;2000
Réunion;673541;1995
Réunion;610582;1990
Réunion;558699;1985
Réunion;509265;1980
Réunion;484777;1975
Réunion;462025;1970
Réunion;390775;1965
Réunion;335693;1960
Réunion;291658;1955
Fiji;896445;2020
Fiji;889953;2019
Fiji;883483;2018
Fiji;877459;2017
Fiji;872399;2016
Fiji;868627;2015
Fiji;859818;2010
Fiji;821604;2005
Fiji;811006;2000
Fiji;775425;1995
Fiji;728573;1990
Fiji;711775;1985
Fiji;635307;1980
Fiji;576626;1975
Fiji;520562;1970
Fiji;463968;1965
Fiji;393481;1960
Fiji;335098;1955
Djibouti;988000;2020
Djibouti;973560;2019
Djibouti;958923;2018
Djibouti;944099;2017
Djibouti;929112;2016
Djibouti;913993;2015
Djibouti;840198;2010
Djibouti;783254;2005
Djibouti;717584;2000
Djibouti;630388;1995
Djibouti;590398;1990
Djibouti;425613;1985
Djibouti;358960;1980
Djibouti;224183;1975
Djibouti;159659;1970
Djibouti;114963;1965
Djibouti;83636;1960
Djibouti;69589;1955
Eswatini;1160164;2020
Eswatini;1148130;2019
Eswatini;1136281;2018
Eswatini;1124805;2017
Eswatini;1113997;2016
Eswatini;1104044;2015
Eswatini;1064837;2010
Eswatini;1030579;2005
Eswatini;1005435;2000
Eswatini;926841;1995
Eswatini;822420;1990
Eswatini;699080;1985
Eswatini;587858;1980
Eswatini;499763;1975
Eswatini;431253;1970
Eswatini;373919;1965
Eswatini;336583;1960
Eswatini;303028;1955
Cyprus;1207359;2020
Cyprus;1198575;2019
Cyprus;1189265;2018
Cyprus;1179678;2017
Cyprus;1170187;2016
Cyprus;1160985;2015
Cyprus;1112612;2010
Cyprus;1027662;2005
Cyprus;943290;2000
Cyprus;855383;1995
Cyprus;766615;1990
Cyprus;703685;1985
Cyprus;685405;1980
Cyprus;649751;1975
Cyprus;613618;1970
Cyprus;580966;1965
Cyprus;572930;1960
Cyprus;529972;1955
Mauritius;1271768;2020
Mauritius;1269668;2019
Mauritius;1267185;2018
Mauritius;1264499;2017
Mauritius;1261865;2016
Mauritius;1259456;2015
Mauritius;1247955;2010
Mauritius;1222003;2005
Mauritius;1185145;2000
Mauritius;1128673;1995
Mauritius;1055868;1990
Mauritius;1015762;1985
Mauritius;966031;1980
Mauritius;892211;1975
Mauritius;826441;1970
Mauritius;753285;1965
Mauritius;660023;1960
Mauritius;570648;1955
Timor-Leste;1318445;2020
Timor-Leste;1293119;2019
Timor-Leste;1267974;2018
Timor-Leste;1243258;2017
Timor-Leste;1219288;2016
Timor-Leste;1196302;2015
Timor-Leste;1093523;2010
Timor-Leste;995135;2005
Timor-Leste;884366;2000
Timor-Leste;844334;1995
Timor-Leste;737814;1990
Timor-Leste;657053;1985
Timor-Leste;599905;1980
Timor-Leste;629227;1975
Timor-Leste;571565;1970
Timor-Leste;519686;1965
Timor-Leste;474532;1960
Timor-Leste;439223;1955
Estonia;1326535;2020
Estonia;1325648;2019
Estonia;1322920;2018
Estonia;1319390;2017
Estonia;1316510;2016
Estonia;1315325;2015
Estonia;1332101;2010
Estonia;1355648;2005
Estonia;1399112;2000
Estonia;1433024;1995
Estonia;1565246;1990
Estonia;1522400;1985
Estonia;1474439;1980
Estonia;1422043;1975
Estonia;1360202;1970
Estonia;1290396;1965
Estonia;1216819;1960
Estonia;1159231;1955
Trinidad and Tobago;1399488;2020
Trinidad and Tobago;1394973;2019
Trinidad and Tobago;1389843;2018
Trinidad and Tobago;1384059;2017
Trinidad and Tobago;1377560;2016
Trinidad and Tobago;1370328;2015
Trinidad and Tobago;1328147;2010
Trinidad and Tobago;1296502;2005
Trinidad and Tobago;1267153;2000
Trinidad and Tobago;1254200;1995
Trinidad and Tobago;1221116;1990
Trinidad and Tobago;1170285;1985
Trinidad and Tobago;1084744;1980
Trinidad and Tobago;1010936;1975
Trinidad and Tobago;945360;1970
Trinidad and Tobago;911737;1965
Trinidad and Tobago;847979;1960
Trinidad and Tobago;739709;1955
Equatorial Guinea;1402985;2020
Equatorial Guinea;1355986;2019
Equatorial Guinea;1308975;2018
Equatorial Guinea;1262002;2017
Equatorial Guinea;1215180;2016
Equatorial Guinea;1168568;2015
Equatorial Guinea;943639;2010
Equatorial Guinea;749535;2005
Equatorial Guinea;606181;2000
Equatorial Guinea;496768;1995
Equatorial Guinea;419188;1990
Equatorial Guinea;352118;1985
Equatorial Guinea;249929;1980
Equatorial Guinea;255800;1975
Equatorial Guinea;303982;1970
Equatorial Guinea;276300;1965
Equatorial Guinea;255333;1960
Equatorial Guinea;239873;1955
Bahrain;1701575;2020
Bahrain;1641172;2019
Bahrain;1569446;2018
Bahrain;1494076;2017
Bahrain;1425792;2016
Bahrain;1371851;2015
Bahrain;1240860;2010
Bahrain;889164;2005
Bahrain;664611;2000
Bahrain;563697;1995
Bahrain;495931;1990
Bahrain;419428;1985
Bahrain;359888;1980
Bahrain;266543;1975
Bahrain;212605;1970
Bahrain;187431;1965
Bahrain;162427;1960
Bahrain;133585;1955
Latvia;1886198;2020
Latvia;1906743;2019
Latvia;1928459;2018
Latvia;1951097;2017
Latvia;1974266;2016
Latvia;1997674;2015
Latvia;2118861;2010
Latvia;2251993;2005
Latvia;2384164;2000
Latvia;2508480;1995
Latvia;2664439;1990
Latvia;2580758;1985
Latvia;2521391;1980
Latvia;2469444;1975
Latvia;2378021;1970
Latvia;2266943;1965
Latvia;2129586;1960
Latvia;2001574;1955
Guinea-Bissau;1968001;2020
Guinea-Bissau;1920922;2019
Guinea-Bissau;1874303;2018
Guinea-Bissau;1828145;2017
Guinea-Bissau;1782438;2016
Guinea-Bissau;1737202;2015
Guinea-Bissau;1522599;2010
Guinea-Bissau;1344930;2005
Guinea-Bissau;1201301;2000
Guinea-Bissau;1088854;1995
Guinea-Bissau;975261;1990
Guinea-Bissau;872163;1985
Guinea-Bissau;781677;1980
Guinea-Bissau;765989;1975
Guinea-Bissau;704939;1970
Guinea-Bissau;649790;1965
Guinea-Bissau;616136;1960
Guinea-Bissau;576136;1955
Slovenia;2078938;2020
Slovenia;2078654;2019
Slovenia;2077837;2018
Slovenia;2076394;2017
Slovenia;2074210;2016
Slovenia;2071199;2015
Slovenia;2043337;2010
Slovenia;1994976;2005
Slovenia;1987717;2000
Slovenia;1991131;1995
Slovenia;2006405;1990
Slovenia;1945130;1985
Slovenia;1835831;1980
Slovenia;1742623;1975
Slovenia;1669581;1970
Slovenia;1629433;1965
Slovenia;1586637;1960
Slovenia;1527205;1955
North Macedonia;2083374;2020
North Macedonia;2083459;2019
North Macedonia;2082957;2018
North Macedonia;2081996;2017
North Macedonia;2080743;2016
North Macedonia;2079328;2015
North Macedonia;2070741;2010
North Macedonia;2060273;2005
North Macedonia;2034819;2000
North Macedonia;1983252;1995
North Macedonia;1996228;1990
North Macedonia;1981534;1985
North Macedonia;1924197;1980
North Macedonia;1803010;1975
North Macedonia;1720800;1970
North Macedonia;1592433;1965
North Macedonia;1488667;1960
North Macedonia;1392449;1955
Lesotho;2142249;2020
Lesotho;2125268;2019
Lesotho;2108328;2018
Lesotho;2091534;2017
Lesotho;2075030;2016
Lesotho;2059021;2015
Lesotho;1995581;2010
Lesotho;1996114;2005
Lesotho;2032804;2000
Lesotho;1898598;1995
Lesotho;1703747;1990
Lesotho;1526131;1985
Lesotho;1340255;1980
Lesotho;1160792;1975
Lesotho;1028926;1970
Lesotho;922306;1965
Lesotho;837270;1960
Lesotho;766763;1955
Gabon;2225734;2020
Gabon;2172579;2019
Gabon;2119275;2018
Gabon;2064823;2017
Gabon;2007873;2016
Gabon;1947686;2015
Gabon;1624140;2010
Gabon;1390549;2005
Gabon;1228360;2000
Gabon;1084946;1995
Gabon;949488;1990
Gabon;827108;1985
Gabon;726328;1980
Gabon;647536;1975
Gabon;589314;1970
Gabon;533361;1965
Gabon;500928;1960
Gabon;484313;1955
Martinique;375265;2020
Martinique;375554;2019
Martinique;375673;2018
Martinique;375948;2017
Martinique;376791;2016
Martinique;378478;2015
Martinique;394663;2010
Martinique;397190;2005
Martinique;387004;2000
Martinique;368732;1995
Martinique;358449;1990
Martinique;339876;1985
Martinique;325454;1980
Martinique;327838;1975
Martinique;325011;1970
Martinique;311127;1965
Martinique;281622;1960
Martinique;245675;1955
Bahamas;393244;2020
Bahamas;389482;2019
Bahamas;385637;2018
Bahamas;381755;2017
Bahamas;377930;2016
Bahamas;374206;2015
Bahamas;354942;2010
Bahamas;324859;2005
Bahamas;298051;2000
Bahamas;280184;1995
Bahamas;256223;1990
Bahamas;234578;1985
Bahamas;210591;1980
Bahamas;188896;1975
Bahamas;169377;1970
Bahamas;140059;1965
Bahamas;109534;1960
Bahamas;88631;1955
Belize;397628;2020
Belize;390353;2019
Belize;383071;2018
Belize;375769;2017
Belize;368400;2016
Belize;360933;2015
Belize;322464;2010
Belize;283800;2005
Belize;247315;2000
Belize;206963;1995
Belize;187552;1990
Belize;164921;1985
Belize;144155;1980
Belize;133260;1975
Belize;122182;1970
Belize;106119;1965
Belize;92064;1960
Belize;79870;1955
Guadeloupe;400124;2020
Guadeloupe;400056;2019
Guadeloupe;399848;2018
Guadeloupe;399672;2017
Guadeloupe;399763;2016
Guadeloupe;400255;2015
Guadeloupe;406071;2010
Guadeloupe;402904;2005
Guadeloupe;422051;2000
Guadeloupe;403738;1995
Guadeloupe;389249;1990
Guadeloupe;342730;1985
Guadeloupe;336685;1980
Guadeloupe;328493;1975
Guadeloupe;321883;1970
Guadeloupe;300056;1965
Guadeloupe;275161;1960
Guadeloupe;236064;1955
Brunei ;437479;2020
Brunei ;433285;2019
Brunei ;428963;2018
Brunei ;424473;2017
Brunei ;419800;2016
Brunei ;414907;2015
Brunei ;388646;2010
Brunei ;365114;2005
Brunei ;333165;2000
Brunei ;297114;1995
Brunei ;258721;1990
Brunei ;224449;1985
Brunei ;193879;1980
Brunei ;161626;1975
Brunei ;129529;1970
Brunei ;102386;1965
Brunei ;81702;1960
Brunei ;63356;1955
Malta;441543;2020
Malta;440372;2019
Malta;439248;2018
Malta;437933;2017
Malta;436097;2016
Malta;433559;2015
Malta;414253;2010
Malta;404653;2005
Malta;393645;2000
Malta;376896;1995
Malta;362015;1990
Malta;346250;1985
Malta;331497;1980
Malta;322356;1975
Malta;320545;1970
Malta;322242;1965
Malta;312973;1960
Malta;313526;1955
Maldives;540544;2020
Maldives;530953;2019
Maldives;515696;2018
Maldives;496402;2017
Maldives;475512;2016
Maldives;454915;2015
Maldives;365734;2010
Maldives;319608;2005
Maldives;279398;2000
Maldives;254139;1995
Maldives;223158;1990
Maldives;189537;1985
Maldives;158272;1980
Maldives;136417;1975
Maldives;115691;1970
Maldives;102718;1965
Maldives;89863;1960
Maldives;79703;1955
Micronesia;548914;2020
Micronesia;543486;2019
Micronesia;538127;2018
Micronesia;532899;2017
Micronesia;527813;2016
Micronesia;522945;2015
Micronesia;503579;2010
Micronesia;498286;2005
Micronesia;484775;2000
Micronesia;454932;1995
Micronesia;416769;1990
Micronesia;355280;1985
Micronesia;303493;1980
Micronesia;272173;1975
Micronesia;248197;1970
Micronesia;218651;1965
Micronesia;191245;1960
Micronesia;171107;1955
Cabo Verde;555987;2020
Cabo Verde;549935;2019
Cabo Verde;543767;2018
Cabo Verde;537498;2017
Cabo Verde;531146;2016
Cabo Verde;524743;2015
Cabo Verde;492654;2010
Cabo Verde;463032;2005
Cabo Verde;428188;2000
Cabo Verde;386284;1995
Cabo Verde;337950;1990
Cabo Verde;311678;1985
Cabo Verde;283847;1980
Cabo Verde;270247;1975
Cabo Verde;268627;1970
Cabo Verde;230418;1965
Cabo Verde;201765;1960
Cabo Verde;197195;1955
Suriname;586632;2020
Suriname;581372;2019
Suriname;575990;2018
Suriname;570496;2017
Suriname;564888;2016
Suriname;559143;2015
Suriname;529131;2010
Suriname;499464;2005
Suriname;470949;2000
Suriname;441851;1995
Suriname;405168;1990
Suriname;368638;1985
Suriname;359519;1980
Suriname;359226;1975
Suriname;367931;1970
Suriname;328936;1965
Suriname;287871;1960
Suriname;249000;1955
Western Sahara;597339;2020
Western Sahara;582463;2019
Western Sahara;567402;2018
Western Sahara;552615;2017
Western Sahara;538749;2016
Western Sahara;526216;2015
Western Sahara;480274;2010
Western Sahara;437515;2005
Western Sahara;314118;2000
Western Sahara;255634;1995
Western Sahara;217258;1990
Western Sahara;182421;1985
Western Sahara;150877;1980
Western Sahara;74954;1975
Western Sahara;76874;1970
Western Sahara;50970;1965
Western Sahara;32761;1960
Western Sahara;21147;1955
Luxembourg;625978;2020
Luxembourg;615729;2019
Luxembourg;604245;2018
Luxembourg;591910;2017
Luxembourg;579264;2016
Luxembourg;566741;2015
Luxembourg;507889;2010
Luxembourg;457842;2005
Luxembourg;436103;2000
Luxembourg;408149;1995
Luxembourg;381791;1990
Luxembourg;366884;1985
Luxembourg;364038;1980
Luxembourg;353983;1975
Luxembourg;339668;1970
Luxembourg;330161;1965
Luxembourg;314588;1960
Luxembourg;305261;1955
Montenegro;628066;2020
Montenegro;627987;2019
Montenegro;627809;2018
Montenegro;627563;2017
Montenegro;627264;2016
Montenegro;626956;2015
Montenegro;624275;2010
Montenegro;616391;2005
Montenegro;613559;2000
Montenegro;620418;1995
Montenegro;615002;1990
Montenegro;614016;1985
Montenegro;580754;1980
Montenegro;554262;1975
Montenegro;519696;1970
Montenegro;533814;1965
Montenegro;487413;1960
Montenegro;443795;1955
Macao;649335;2020
Macao;640445;2019
Macao;631636;2018
Macao;622585;2017
Macao;612836;2016
Macao;602085;2015
Macao;538219;2010
Macao;482858;2005
Macao;427782;2000
Macao;385513;1995
Macao;343808;1990
Macao;283503;1985
Macao;238071;1980
Macao;241628;1975
Macao;246194;1970
Macao;203228;1965
Macao;167791;1960
Macao;189460;1955
Solomon Islands;686884;2020
Solomon Islands;669823;2019
Solomon Islands;652857;2018
Solomon Islands;636039;2017
Solomon Islands;619438;2016
Solomon Islands;603118;2015
Solomon Islands;527861;2010
Solomon Islands;469918;2005
Solomon Islands;412660;2000
Solomon Islands;359281;1995
Solomon Islands;311866;1990
Solomon Islands;270788;1985
Solomon Islands;230546;1980
Solomon Islands;193402;1975
Solomon Islands;160250;1970
Solomon Islands;136816;1965
Solomon Islands;117849;1960
Solomon Islands;102002;1955
Bhutan;771608;2020
Bhutan;763092;2019
Bhutan;754388;2018
Bhutan;745563;2017
Bhutan;736708;2016
Bhutan;727876;2015
Bhutan;685503;2010
Bhutan;648739;2005
Bhutan;591021;2000
Bhutan;534620;1995
Bhutan;530804;1990
Bhutan;464266;1985
Bhutan;406875;1980
Bhutan;348396;1975
Bhutan;297316;1970
Bhutan;253994;1965
Bhutan;223288;1960
Bhutan;197457;1955
Guyana;786552;2020
Guyana;782766;2019
Guyana;779006;2018
Guyana;775222;2017
Guyana;771368;2016
Guyana;767432;2015
Guyana;749436;2010
Guyana;746163;2005
Guyana;746715;2000
Guyana;761291;1995
Guyana;743309;1990
Guyana;770435;1985
Guyana;780153;1980
Guyana;745841;1975
Guyana;704934;1970
Guyana;651868;1965
Guyana;571819;1960
Guyana;482555;1955
Comoros;869601;2020
Comoros;850886;2019
Comoros;832322;2018
Comoros;813892;2017
Comoros;795592;2016
Comoros;777424;2015
Comoros;689692;2010
Comoros;611627;2005
Comoros;542357;2000
Comoros;475394;1995
Comoros;411594;1990
Comoros;355337;1985
Comoros;307829;1980
Comoros;257290;1975
Comoros;230054;1970
Comoros;207424;1965
Comoros;191121;1960
Comoros;175903;1955
St. Vincent & Grenadines;110940;2020
St. Vincent & Grenadines;110589;2019
St. Vincent & Grenadines;110211;2018
St. Vincent & Grenadines;109827;2017
St. Vincent & Grenadines;109459;2016
St. Vincent & Grenadines;109148;2015
St. Vincent & Grenadines;108255;2010
St. Vincent & Grenadines;108614;2005
St. Vincent & Grenadines;107784;2000
St. Vincent & Grenadines;108035;1995
St. Vincent & Grenadines;107484;1990
St. Vincent & Grenadines;104506;1985
St. Vincent & Grenadines;100566;1980
St. Vincent & Grenadines;95662;1975
St. Vincent & Grenadines;90509;1970
St. Vincent & Grenadines;86011;1965
St. Vincent & Grenadines;80977;1960
St. Vincent & Grenadines;73554;1955
Grenada;112523;2020
Grenada;112003;2019
Grenada;111454;2018
Grenada;110874;2017
Grenada;110261;2016
Grenada;109599;2015
Grenada;106233;2010
Grenada;104661;2005
Grenada;102833;2000
Grenada;100288;1995
Grenada;96331;1990
Grenada;99946;1985
Grenada;89032;1980
Grenada;92494;1975
Grenada;94475;1970
Grenada;94636;1965
Grenada;89932;1960
Grenada;81103;1955
Kiribati;119449;2020
Kiribati;117606;2019
Kiribati;115847;2018
Kiribati;114158;2017
Kiribati;112524;2016
Kiribati;110930;2015
Kiribati;102927;2010
Kiribati;92325;2005
Kiribati;84396;2000
Kiribati;77723;1995
Kiribati;72400;1990
Kiribati;63986;1985
Kiribati;59301;1980
Kiribati;55114;1975
Kiribati;51151;1970
Kiribati;46429;1965
Kiribati;41202;1960
Kiribati;36573;1955
Curaçao;164093;2020
Curaçao;163424;2019
Curaçao;162752;2018
Curaçao;161997;2017
Curaçao;161052;2016
Curaçao;159847;2015
Curaçao;149192;2010
Curaçao;130130;2005
Curaçao;132140;2000
Curaçao;143882;1995
Curaçao;146670;1990
Curaçao;150377;1985
Curaçao;147996;1980
Curaçao;150258;1975
Curaçao;143634;1970
Curaçao;133878;1965
Curaçao;126941;1960
Curaçao;116916;1955
Guam;168775;2020
Guam;167294;2019
Guam;165768;2018
Guam;164281;2017
Guam;162951;2016
Guam;161853;2015
Guam;159444;2010
Guam;158402;2005
Guam;155329;2000
Guam;145561;1995
Guam;130482;1990
Guam;116572;1985
Guam;104133;1980
Guam;93352;1975
Guam;83877;1970
Guam;74830;1965
Guam;66742;1960
Guam;62641;1955
Channel Islands;173863;2020
Channel Islands;172259;2019
Channel Islands;170499;2018
Channel Islands;168665;2017
Channel Islands;166923;2016
Channel Islands;165385;2015
Channel Islands;159734;2010
Channel Islands;151678;2005
Channel Islands;148443;2000
Channel Islands;143484;1995
Channel Islands;140671;1990
Channel Islands;133808;1985
Channel Islands;128212;1980
Channel Islands;126415;1975
Channel Islands;121197;1970
Channel Islands;114995;1965
Channel Islands;109420;1960
Channel Islands;105609;1955
Saint Lucia;183627;2020
Saint Lucia;182790;2019
Saint Lucia;181889;2018
Saint Lucia;180954;2017
Saint Lucia;180024;2016
Saint Lucia;179126;2015
Saint Lucia;174085;2010
Saint Lucia;163417;2005
Saint Lucia;156729;2000
Saint Lucia;146870;1995
Saint Lucia;138020;1990
Saint Lucia;126244;1985
Saint Lucia;117822;1980
Saint Lucia;109627;1975
Saint Lucia;104015;1970
Saint Lucia;96134;1965
Saint Lucia;89697;1960
Saint Lucia;86477;1955
Samoa;198414;2020
Samoa;197097;2019
Samoa;196129;2018
Samoa;195352;2017
Samoa;194535;2016
Samoa;193513;2015
Samoa;185949;2010
Samoa;179727;2005
Samoa;174454;2000
Samoa;170054;1995
Samoa;162803;1990
Samoa;159990;1985
Samoa;155525;1980
Samoa;151359;1975
Samoa;143149;1970
Samoa;127054;1965
Samoa;108629;1960
Samoa;94178;1955
Sao Tome & Principe;219159;2020
Sao Tome & Principe;215056;2019
Sao Tome & Principe;211028;2018
Sao Tome & Principe;207089;2017
Sao Tome & Principe;203227;2016
Sao Tome & Principe;199432;2015
Sao Tome & Principe;180371;2010
Sao Tome & Principe;157472;2005
Sao Tome & Principe;142262;2000
Sao Tome & Principe;131678;1995
Sao Tome & Principe;119209;1990
Sao Tome & Principe;104924;1985
Sao Tome & Principe;95794;1980
Sao Tome & Principe;83138;1975
Sao Tome & Principe;74564;1970
Sao Tome & Principe;64892;1965
Sao Tome & Principe;64302;1960
Sao Tome & Principe;58806;1955
Mayotte;272815;2020
Mayotte;266150;2019
Mayotte;259531;2018
Mayotte;252957;2017
Mayotte;246450;2016
Mayotte;240020;2015
Mayotte;208718;2010
Mayotte;178098;2005
Mayotte;150331;2000
Mayotte;123181;1995
Mayotte;94784;1990
Mayotte;72104;1985
Mayotte;55137;1980
Mayotte;45483;1975
Mayotte;36969;1970
Mayotte;30526;1965
Mayotte;24015;1960
Mayotte;18985;1955
French Polynesia;280908;2020
French Polynesia;279287;2019
French Polynesia;277679;2018
French Polynesia;276102;2017
French Polynesia;274575;2016
French Polynesia;273124;2015
French Polynesia;266455;2010
French Polynesia;258780;2005
French Polynesia;240686;2000
French Polynesia;218071;1995
French Polynesia;199905;1990
French Polynesia;177027;1985
French Polynesia;153301;1980
French Polynesia;131233;1975
French Polynesia;110495;1970
French Polynesia;93438;1965
French Polynesia;78076;1960
French Polynesia;68854;1955
New Caledonia;285498;2020
New Caledonia;282750;2019
New Caledonia;279993;2018
New Caledonia;277150;2017
New Caledonia;274191;2016
New Caledonia;271065;2015
New Caledonia;253527;2010
New Caledonia;236442;2005
New Caledonia;217269;2000
New Caledonia;193293;1995
New Caledonia;170336;1990
New Caledonia;155982;1985
New Caledonia;145144;1980
New Caledonia;130264;1975
New Caledonia;105324;1970
New Caledonia;91200;1965
New Caledonia;78056;1960
New Caledonia;67748;1955
Barbados;287375;2020
Barbados;287025;2019
Barbados;286641;2018
Barbados;286232;2017
Barbados;285796;2016
Barbados;285324;2015
Barbados;282131;2010
Barbados;276323;2005
Barbados;271515;2000
Barbados;265955;1995
Barbados;260936;1990
Barbados;256263;1985
Barbados;252394;1980
Barbados;246154;1975
Barbados;238896;1970
Barbados;235413;1965
Barbados;230980;1960
Barbados;227138;1955
French Guiana;298682;2020
French Guiana;290832;2019
French Guiana;282938;2018
French Guiana;275191;2017
French Guiana;267821;2016
French Guiana;260999;2015
French Guiana;233002;2010
French Guiana;202971;2005
French Guiana;163165;2000
French Guiana;137400;1995
French Guiana;115784;1990
French Guiana;86439;1985
French Guiana;66977;1980
French Guiana;56223;1975
French Guiana;47930;1970
French Guiana;38892;1965
French Guiana;32032;1960
French Guiana;28490;1955
Vanuatu;307145;2020
Vanuatu;299882;2019
Vanuatu;292680;2018
Vanuatu;285510;2017
Vanuatu;278330;2016
Vanuatu;271130;2015
Vanuatu;236211;2010
Vanuatu;209282;2005
Vanuatu;184972;2000
Vanuatu;168158;1995
Vanuatu;146573;1990
Vanuatu;129984;1985
Vanuatu;115597;1980
Vanuatu;99859;1975
Vanuatu;85377;1970
Vanuatu;74270;1965
Vanuatu;63689;1960
Vanuatu;54921;1955
Iceland;341243;2020
Iceland;339031;2019
Iceland;336713;2018
Iceland;334393;2017
Iceland;332206;2016
Iceland;330243;2015
Iceland;320328;2010
Iceland;294979;2005
Iceland;280435;2000
Iceland;267629;1995
Iceland;255043;1990
Iceland;241582;1985
Iceland;228262;1980
Iceland;218070;1975
Iceland;204426;1970
Iceland;192313;1965
Iceland;175592;1960
Iceland;157642;1955
Sint Maarten;42388;2019
Sint Maarten;41940;2018
Sint Maarten;41444;2017
Sint Maarten;40808;2016
Sint Maarten;39968;2015
Sint Maarten;34168;2010
Sint Maarten;33434;2005
Sint Maarten;32564;2000
Sint Maarten;31160;1995
Sint Maarten;28812;1990
Sint Maarten;19123;1985
Sint Maarten;13100;1980
Sint Maarten;9557;1975
Sint Maarten;6864;1970
Sint Maarten;4459;1965
Sint Maarten;2833;1960
Sint Maarten;2108;1955
Faeroe Islands;48678;2019
Faeroe Islands;48497;2018
Faeroe Islands;48331;2017
Faeroe Islands;48173;2016
Faeroe Islands;48051;2015
Faeroe Islands;47814;2010
Faeroe Islands;47722;2005
Faeroe Islands;46735;2000
Faeroe Islands;45625;1995
Faeroe Islands;47274;1990
Faeroe Islands;45330;1985
Faeroe Islands;43337;1980
Faeroe Islands;41299;1975
Faeroe Islands;39009;1970
Faeroe Islands;36847;1965
Faeroe Islands;34615;1960
Faeroe Islands;32481;1955
Saint Kitts & Nevis;52823;2019
Saint Kitts & Nevis;52441;2018
Saint Kitts & Nevis;52045;2017
Saint Kitts & Nevis;51625;2016
Saint Kitts & Nevis;51203;2015
Saint Kitts & Nevis;49016;2010
Saint Kitts & Nevis;46857;2005
Saint Kitts & Nevis;44074;2000
Saint Kitts & Nevis;42074;1995
Saint Kitts & Nevis;40259;1990
Saint Kitts & Nevis;41866;1985
Saint Kitts & Nevis;43205;1980
Saint Kitts & Nevis;44272;1975
Saint Kitts & Nevis;44883;1970
Saint Kitts & Nevis;49214;1965
Saint Kitts & Nevis;51195;1960
Saint Kitts & Nevis;48492;1955
American Samoa;55312;2019
American Samoa;55465;2018
American Samoa;55620;2017
American Samoa;55741;2016
American Samoa;55812;2015
American Samoa;56079;2010
American Samoa;59562;2005
American Samoa;57821;2000
American Samoa;53161;1995
American Samoa;47347;1990
American Samoa;39519;1985
American Samoa;32646;1980
American Samoa;30052;1975
American Samoa;27363;1970
American Samoa;23672;1965
American Samoa;20123;1960
American Samoa;19754;1955
Greenland;56672;2019
Greenland;56564;2018
Greenland;56481;2017
Greenland;56412;2016
Greenland;56377;2015
Greenland;56638;2010
Greenland;56951;2005
Greenland;56175;2000
Greenland;55811;1995
Greenland;55604;1990
Greenland;53190;1985
Greenland;50179;1980
Greenland;49586;1975
Greenland;46074;1970
Greenland;37964;1965
Greenland;31239;1960
Greenland;25846;1955
Northern Mariana Islands;57216;2019
Northern Mariana Islands;56882;2018
Northern Mariana Islands;56562;2017
Northern Mariana Islands;56188;2016
Northern Mariana Islands;55780;2015
Northern Mariana Islands;53971;2010
Northern Mariana Islands;56542;2005
Northern Mariana Islands;57453;2000
Northern Mariana Islands;45870;1995
Northern Mariana Islands;45752;1990
Northern Mariana Islands;28720;1985
Northern Mariana Islands;16633;1980
Northern Mariana Islands;14924;1975
Northern Mariana Islands;12994;1970
Northern Mariana Islands;11022;1965
Northern Mariana Islands;9979;1960
Northern Mariana Islands;7985;1955
Marshall Islands;58791;2019
Marshall Islands;58413;2018
Marshall Islands;58058;2017
Marshall Islands;57735;2016
Marshall Islands;57439;2015
Marshall Islands;56366;2010
Marshall Islands;55258;2005
Marshall Islands;50753;2000
Marshall Islands;50457;1995
Marshall Islands;47271;1990
Marshall Islands;38333;1985
Marshall Islands;30576;1980
Marshall Islands;25576;1975
Marshall Islands;20395;1970
Marshall Islands;17284;1965
Marshall Islands;14662;1960
Marshall Islands;13894;1955
Bermuda;62506;2019
Bermuda;62756;2018
Bermuda;63049;2017
Bermuda;63362;2016
Bermuda;63692;2015
Bermuda;65389;2010
Bermuda;66257;2005
Bermuda;65012;2000
Bermuda;63442;1995
Bermuda;61634;1990
Bermuda;59602;1985
Bermuda;57573;1980
Bermuda;55400;1975
Bermuda;52565;1970
Bermuda;49388;1965
Bermuda;44979;1960
Bermuda;40708;1955
Cayman Islands;64948;2019
Cayman Islands;64174;2018
Cayman Islands;63382;2017
Cayman Islands;62569;2016
Cayman Islands;61724;2015
Cayman Islands;56672;2010
Cayman Islands;49261;2005
Cayman Islands;42303;2000
Cayman Islands;32166;1995
Cayman Islands;25312;1990
Cayman Islands;19467;1985
Cayman Islands;16212;1980
Cayman Islands;12244;1975
Cayman Islands;9144;1970
Cayman Islands;8369;1965
Cayman Islands;7865;1960
Cayman Islands;6677;1955
Dominica;71808;2019
Dominica;71625;2018
Dominica;71458;2017
Dominica;71307;2016
Dominica;71183;2015
Dominica;70878;2010
Dominica;70589;2005
Dominica;69650;2000
Dominica;71098;1995
Dominica;70419;1990
Dominica;73201;1985
Dominica;75314;1980
Dominica;72094;1975
Dominica;71073;1970
Dominica;65038;1965
Dominica;60011;1960
Dominica;54560;1955
Andorra;77142;2019
Andorra;77006;2018
Andorra;77001;2017
Andorra;77297;2016
Andorra;78011;2015
Andorra;84449;2010
Andorra;78867;2005
Andorra;65390;2000
Andorra;63850;1995
Andorra;54509;1990
Andorra;44600;1985
Andorra;36067;1980
Andorra;30705;1975
Andorra;24276;1970
Andorra;18549;1965
Andorra;13411;1960
Andorra;9232;1955
Isle of Man;84584;2019
Isle of Man;84077;2018
Isle of Man;83598;2017
Isle of Man;83287;2016
Isle of Man;83234;2015
Isle of Man;84857;2010
Isle of Man;80305;2005
Isle of Man;76941;2000
Isle of Man;72131;1995
Isle of Man;70298;1990
Isle of Man;64278;1985
Isle of Man;63551;1980
Isle of Man;59478;1975
Isle of Man;55425;1970
Isle of Man;50141;1965
Isle of Man;48442;1960
Isle of Man;52408;1955
Antigua and Barbuda;97929;2020
Antigua and Barbuda;97118;2019
Antigua and Barbuda;96286;2018
Antigua and Barbuda;95426;2017
Antigua and Barbuda;94527;2016
Antigua and Barbuda;93566;2015
Antigua and Barbuda;88028;2010
Antigua and Barbuda;81465;2005
Antigua and Barbuda;76016;2000
Antigua and Barbuda;68670;1995
Antigua and Barbuda;62528;1990
Antigua and Barbuda;61786;1985
Antigua and Barbuda;61865;1980
Antigua and Barbuda;62675;1975
Antigua and Barbuda;64177;1970
Antigua and Barbuda;58698;1965
Antigua and Barbuda;54131;1960
Antigua and Barbuda;49648;1955
Seychelles;98347;2020
Seychelles;97739;2019
Seychelles;97096;2018
Seychelles;96418;2017
Seychelles;95710;2016
Seychelles;94978;2015
Seychelles;91264;2010
Seychelles;88648;2005
Seychelles;80996;2000
Seychelles;76649;1995
Seychelles;70570;1990
Seychelles;69775;1985
Seychelles;66244;1980
Seychelles;59585;1975
Seychelles;52368;1970
Seychelles;46782;1965
Seychelles;41603;1960
Seychelles;38955;1955
U.S. Virgin Islands;104425;2020
U.S. Virgin Islands;104578;2019
U.S. Virgin Islands;104680;2018
U.S. Virgin Islands;104751;2017
U.S. Virgin Islands;104835;2016
U.S. Virgin Islands;104958;2015
U.S. Virgin Islands;106087;2010
U.S. Virgin Islands;107794;2005
U.S. Virgin Islands;108722;2000
U.S. Virgin Islands;107392;1995
U.S. Virgin Islands;103756;1990
U.S. Virgin Islands;105280;1985
U.S. Virgin Islands;99080;1980
U.S. Virgin Islands;86470;1975
U.S. Virgin Islands;64726;1970
U.S. Virgin Islands;50233;1965
U.S. Virgin Islands;33135;1960
U.S. Virgin Islands;29682;1955
Tonga;105695;2020
Tonga;104494;2019
Tonga;103197;2018
Tonga;101998;2017
Tonga;101133;2016
Tonga;100781;2015
Tonga;103986;2010
Tonga;100905;2005
Tonga;97973;2000
Tonga;95976;1995
Tonga;95069;1990
Tonga;93896;1985
Tonga;92971;1980
Tonga;88318;1975
Tonga;84351;1970
Tonga;74345;1965
Tonga;61577;1960
Tonga;55322;1955
Aruba;106766;2020
Aruba;106314;2019
Aruba;105845;2018
Aruba;105366;2017
Aruba;104872;2016
Aruba;104341;2015
Aruba;101669;2010
Aruba;100031;2005
Aruba;90853;2000
Aruba;80324;1995
Aruba;62149;1990
Aruba;63026;1985
Aruba;60096;1980
Aruba;60657;1975
Aruba;59063;1970
Aruba;57360;1965
Aruba;54211;1960
Aruba;43724;1955
Saint Pierre & Miquelon;5822;2019
Saint Pierre & Miquelon;5849;2018
Saint Pierre & Miquelon;5887;2017
Saint Pierre & Miquelon;5934;2016
Saint Pierre & Miquelon;5993;2015
Saint Pierre & Miquelon;6353;2010
Saint Pierre & Miquelon;6123;2005
Saint Pierre & Miquelon;6294;2000
Saint Pierre & Miquelon;6392;1995
Saint Pierre & Miquelon;6393;1990
Saint Pierre & Miquelon;6024;1985
Saint Pierre & Miquelon;6131;1980
Saint Pierre & Miquelon;6006;1975
Saint Pierre & Miquelon;5552;1970
Saint Pierre & Miquelon;5173;1965
Saint Pierre & Miquelon;4971;1960
Saint Pierre & Miquelon;4755;1955
Saint Helena;6059;2019
Saint Helena;6035;2018
Saint Helena;6008;2017
Saint Helena;5956;2016
Saint Helena;5865;2015
Saint Helena;5183;2010
Saint Helena;5364;2005
Saint Helena;6049;2000
Saint Helena;6247;1995
Saint Helena;6647;1990
Saint Helena;6817;1985
Saint Helena;6582;1980
Saint Helena;6235;1975
Saint Helena;5692;1970
Saint Helena;5328;1965
Saint Helena;5364;1960
Saint Helena;5345;1955
Saint Barthelemy;9847;2019
Saint Barthelemy;9816;2018
Saint Barthelemy;9784;2017
Saint Barthelemy;9748;2016
Saint Barthelemy;9693;2015
Saint Barthelemy;9234;2010
Saint Barthelemy;8553;2005
Saint Barthelemy;7427;2000
Saint Barthelemy;6367;1995
Saint Barthelemy;5339;1990
Saint Barthelemy;3368;1985
Saint Barthelemy;3082;1980
Saint Barthelemy;2610;1975
Saint Barthelemy;2343;1970
Saint Barthelemy;2382;1965
Saint Barthelemy;2304;1960
Saint Barthelemy;2245;1955
Nauru;10756;2019
Nauru;10670;2018
Nauru;10573;2017
Nauru;10475;2016
Nauru;10383;2015
Nauru;10005;2010
Nauru;9849;2005
Nauru;10337;2000
Nauru;10628;1995
Nauru;9505;1990
Nauru;8501;1985
Nauru;7741;1980
Nauru;7175;1975
Nauru;6552;1970
Nauru;5856;1965
Nauru;4375;1960
Nauru;3819;1955
Wallis & Futuna;11432;2019
Wallis & Futuna;11661;2018
Wallis & Futuna;11900;2017
Wallis & Futuna;12107;2016
Wallis & Futuna;12266;2015
Wallis & Futuna;12689;2010
Wallis & Futuna;14939;2005
Wallis & Futuna;14694;2000
Wallis & Futuna;14149;1995
Wallis & Futuna;13800;1990
Wallis & Futuna;13622;1985
Wallis & Futuna;11231;1980
Wallis & Futuna;9320;1975
Wallis & Futuna;8853;1970
Wallis & Futuna;8724;1965
Wallis & Futuna;8157;1960
Wallis & Futuna;7669;1955
Tuvalu;11646;2019
Tuvalu;11508;2018
Tuvalu;11370;2017
Tuvalu;11225;2016
Tuvalu;11099;2015
Tuvalu;10530;2010
Tuvalu;10000;2005
Tuvalu;9394;2000
Tuvalu;9298;1995
Tuvalu;8913;1990
Tuvalu;8219;1985
Tuvalu;7637;1980
Tuvalu;6060;1975
Tuvalu;5735;1970
Tuvalu;5386;1965
Tuvalu;5323;1960
Tuvalu;5069;1955
Anguilla;14869;2019
Anguilla;14731;2018
Anguilla;14584;2017
Anguilla;14429;2016
Anguilla;14279;2015
Anguilla;13438;2010
Anguilla;12453;2005
Anguilla;11252;2000
Anguilla;9866;1995
Anguilla;8899;1990
Anguilla;7293;1985
Anguilla;7285;1980
Anguilla;7159;1975
Anguilla;6771;1970
Anguilla;6361;1965
Anguilla;6032;1960
Anguilla;5783;1955
Cook Islands;17548;2019
Cook Islands;17518;2018
Cook Islands;17507;2017
Cook Islands;17524;2016
Cook Islands;17586;2015
Cook Islands;18391;2010
Cook Islands;19074;2005
Cook Islands;17930;2000
Cook Islands;19097;1995
Cook Islands;18191;1990
Cook Islands;17603;1985
Cook Islands;17512;1980
Cook Islands;20234;1975
Cook Islands;21302;1970
Cook Islands;18894;1965
Cook Islands;18212;1960
Cook Islands;16347;1955
Palau;18008;2019
Palau;17907;2018
Palau;17808;2017
Palau;17725;2016
Palau;17665;2015
Palau;17955;2010
Palau;19781;2005
Palau;19105;2000
Palau;17164;1995
Palau;15058;1990
Palau;13528;1985
Palau;12179;1980
Palau;12904;1975
Palau;11811;1970
Palau;11003;1965
Palau;9771;1960
Palau;8322;1955
Caribbean Netherlands;25979;2019
Caribbean Netherlands;25711;2018
Caribbean Netherlands;25401;2017
Caribbean Netherlands;25020;2016
Caribbean Netherlands;24570;2015
Caribbean Netherlands;20940;2010
Caribbean Netherlands;14403;2005
Caribbean Netherlands;14393;2000
Caribbean Netherlands;15107;1995
Caribbean Netherlands;13019;1990
Caribbean Netherlands;12025;1985
Caribbean Netherlands;11210;1980
Caribbean Netherlands;11027;1975
Caribbean Netherlands;10359;1970
Caribbean Netherlands;9134;1965
Caribbean Netherlands;8074;1960
Caribbean Netherlands;7670;1955
British Virgin Islands;30030;2019
British Virgin Islands;29802;2018
British Virgin Islands;29577;2017
British Virgin Islands;29355;2016
British Virgin Islands;29152;2015
British Virgin Islands;27794;2010
British Virgin Islands;23107;2005
British Virgin Islands;20311;2000
British Virgin Islands;19313;1995
British Virgin Islands;17489;1990
British Virgin Islands;13956;1985
British Virgin Islands;11478;1980
British Virgin Islands;10699;1975
British Virgin Islands;9827;1970
British Virgin Islands;8830;1965
British Virgin Islands;8048;1960
British Virgin Islands;7679;1955
Gibraltar;33701;2019
Gibraltar;33718;2018
Gibraltar;33728;2017
Gibraltar;33737;2016
Gibraltar;33736;2015
Gibraltar;33585;2010
Gibraltar;33219;2005
Gibraltar;31077;2000
Gibraltar;28692;1995
Gibraltar;29147;1990
Gibraltar;29154;1985
Gibraltar;30065;1980
Gibraltar;30067;1975
Gibraltar;28606;1970
Gibraltar;26073;1965
Gibraltar;23420;1960
Gibraltar;22788;1955
San Marino;33860;2019
San Marino;33785;2018
San Marino;33671;2017
San Marino;33504;2016
San Marino;33272;2015
San Marino;31229;2010
San Marino;29324;2005
San Marino;27462;2000
San Marino;25928;1995
San Marino;24125;1990
San Marino;22798;1985
San Marino;21459;1980
San Marino;19831;1975
San Marino;19221;1970
San Marino;17513;1965
San Marino;15432;1960
San Marino;13789;1955
Liechtenstein;38019;2019
Liechtenstein;37910;2018
Liechtenstein;37800;2017
Liechtenstein;37658;2016
Liechtenstein;37470;2015
Liechtenstein;35994;2010
Liechtenstein;34713;2005
Liechtenstein;33184;2000
Liechtenstein;30880;1995
Liechtenstein;28789;1990
Liechtenstein;27288;1985
Liechtenstein;25879;1980
Liechtenstein;23438;1975
Liechtenstein;21266;1970
Liechtenstein;18649;1965
Liechtenstein;16493;1960
Liechtenstein;14830;1955
Saint Martin;38002;2019
Saint Martin;37264;2018
Saint Martin;36560;2017
Saint Martin;36065;2016
Saint Martin;35858;2015
Saint Martin;37582;2010
Saint Martin;34248;2005
Saint Martin;28935;2000
Saint Martin;27321;1995
Saint Martin;31520;1990
Saint Martin;11061;1985
Saint Martin;8771;1980
Saint Martin;6881;1975
Saint Martin;5712;1970
Saint Martin;4468;1965
Saint Martin;3893;1960
Saint Martin;3408;1955
Turks and Caicos;38191;2019
Turks and Caicos;37665;2018
Turks and Caicos;37115;2017
Turks and Caicos;36559;2016
Turks and Caicos;35981;2015
Turks and Caicos;32660;2010
Turks and Caicos;28180;2005
Turks and Caicos;20164;2000
Turks and Caicos;16216;1995
Turks and Caicos;12111;1990
Turks and Caicos;9970;1985
Turks and Caicos;7888;1980
Turks and Caicos;6827;1975
Turks and Caicos;5841;1970
Turks and Caicos;5823;1965
Turks and Caicos;5824;1960
Turks and Caicos;5238;1955
Monaco;38964;2019
Monaco;38682;2018
Monaco;38392;2017
Monaco;38070;2016
Monaco;37718;2015
Monaco;35612;2010
Monaco;33843;2005
Monaco;32147;2000
Monaco;30716;1995
Monaco;29438;1990
Monaco;28832;1985
Monaco;26745;1980
Monaco;25198;1975
Monaco;23484;1970
Monaco;23282;1965
Monaco;22452;1960
Monaco;19655;1955
Holy See;799;2019
Holy See;801;2018
Holy See;793;2017
Holy See;801;2016
Holy See;803;2015
Holy See;794;2010
Holy See;798;2005
Holy See;785;2000
Holy See;780;1995
Holy See;768;1990
Holy See;746;1985
Holy See;724;1980
Holy See;728;1975
Holy See;644;1970
Holy See;854;1965
Holy See;906;1960
Holy See;908;1955
Tokelau;1340;2019
Tokelau;1319;2018
Tokelau;1300;2017
